b,d,converted,firstBit,secondBit,thirdBit,firstBitInvert,secondBitInvert,thirdBitInvert
101,240.0,11110000.0,1.0,1.0,1.0,0.0,0.0,0.0
102,240.0,11110000.0,1.0,1.0,1.0,0.0,0.0,0.0
103,239.9915789473684,11109994.736842103,1.0,1.0,0.9994736842105264,0.0,0.0,0.000526315789473597
104,239.90315789473684,11109371.05263158,0.9994736842105264,0.9992105263157894,0.9976315789473684,0.000526315789473597,0.0007894736842105621,0.002368421052631575
105,239.9663157894737,11109705.263157897,0.9997368421052631,0.9997368421052631,0.9994736842105264,0.000263157894736854,0.000263157894736854,0.000526315789473597
106,239.9663157894737,11109705.263157897,0.9997368421052631,0.9997368421052631,0.9994736842105264,0.000263157894736854,0.000263157894736854,0.000526315789473597
107,239.9115789473684,11107039.47368421,0.9997368421052631,0.9994736842105264,0.9986842105263158,0.000263157894736854,0.000526315789473597,0.001315789473684159
108,240.0,11110000.0,1.0,1.0,1.0,0.0,0.0,0.0
109,240.0,11110000.0,1.0,1.0,1.0,0.0,0.0,0.0
110,240.0,11110000.0,1.0,1.0,1.0,0.0,0.0,0.0
111,240.0,11110000.0,1.0,1.0,1.0,0.0,0.0,0.0
112,240.0,11110000.0,1.0,1.0,1.0,0.0,0.0,0.0
113,240.0,11110000.0,1.0,1.0,1.0,0.0,0.0,0.0
114,240.0,11110000.0,1.0,1.0,1.0,0.0,0.0,0.0
115,240.0,11110000.0,1.0,1.0,1.0,0.0,0.0,0.0
116,240.0,11110000.0,1.0,1.0,1.0,0.0,0.0,0.0
117,240.0,11110000.0,1.0,1.0,1.0,0.0,0.0,0.0
118,240.0,11110000.0,1.0,1.0,1.0,0.0,0.0,0.0
119,240.0,11110000.0,1.0,1.0,1.0,0.0,0.0,0.0
120,240.0,11110000.0,1.0,1.0,1.0,0.0,0.0,0.0
121,240.0,11110000.0,1.0,1.0,1.0,0.0,0.0,0.0
122,240.0,11110000.0,1.0,1.0,1.0,0.0,0.0,0.0
123,240.0,11110000.0,1.0,1.0,1.0,0.0,0.0,0.0
124,240.0,11110000.0,1.0,1.0,1.0,0.0,0.0,0.0
125,240.0,11110000.0,1.0,1.0,1.0,0.0,0.0,0.0
126,240.0,11110000.0,1.0,1.0,1.0,0.0,0.0,0.0
127,240.0,11110000.0,1.0,1.0,1.0,0.0,0.0,0.0
128,240.0,11110000.0,1.0,1.0,1.0,0.0,0.0,0.0
129,240.0,11110000.0,1.0,1.0,1.0,0.0,0.0,0.0
130,240.0,11110000.0,1.0,1.0,1.0,0.0,0.0,0.0
131,240.0,11110000.0,1.0,1.0,1.0,0.0,0.0,0.0
132,240.0,11110000.0,1.0,1.0,1.0,0.0,0.0,0.0
133,240.0,11110000.0,1.0,1.0,1.0,0.0,0.0,0.0
134,240.0,11110000.0,1.0,1.0,1.0,0.0,0.0,0.0
135,240.0,11110000.0,1.0,1.0,1.0,0.0,0.0,0.0
136,240.0,11110000.0,1.0,1.0,1.0,0.0,0.0,0.0
137,240.0,11110000.0,1.0,1.0,1.0,0.0,0.0,0.0
138,240.0,11110000.0,1.0,1.0,1.0,0.0,0.0,0.0
139,240.0,11110000.0,1.0,1.0,1.0,0.0,0.0,0.0
140,239.9957894736842,11109997.368421054,1.0,1.0,0.9997368421052631,0.0,0.0,0.000263157894736854
141,240.0,11110000.0,1.0,1.0,1.0,0.0,0.0,0.0
142,240.0,11110000.0,1.0,1.0,1.0,0.0,0.0,0.0
143,240.0,11110000.0,1.0,1.0,1.0,0.0,0.0,0.0
144,240.0,11110000.0,1.0,1.0,1.0,0.0,0.0,0.0
145,240.0,11110000.0,1.0,1.0,1.0,0.0,0.0,0.0
146,240.0,11110000.0,1.0,1.0,1.0,0.0,0.0,0.0
147,240.0,11110000.0,1.0,1.0,1.0,0.0,0.0,0.0
148,239.9915789473684,11109994.736842103,1.0,1.0,0.9994736842105264,0.0,0.0,0.000526315789473597
149,240.0,11110000.0,1.0,1.0,1.0,0.0,0.0,0.0
150,240.0,11110000.0,1.0,1.0,1.0,0.0,0.0,0.0
151,240.0,11110000.0,1.0,1.0,1.0,0.0,0.0,0.0
152,240.0,11110000.0,1.0,1.0,1.0,0.0,0.0,0.0
153,239.9915789473684,11109994.736842103,1.0,1.0,0.9994736842105264,0.0,0.0,0.000526315789473597
154,240.0,11110000.0,1.0,1.0,1.0,0.0,0.0,0.0
155,240.0,11110000.0,1.0,1.0,1.0,0.0,0.0,0.0
156,240.0,11110000.0,1.0,1.0,1.0,0.0,0.0,0.0
157,240.0,11110000.0,1.0,1.0,1.0,0.0,0.0,0.0
158,240.0,11110000.0,1.0,1.0,1.0,0.0,0.0,0.0
159,240.0,11110000.0,1.0,1.0,1.0,0.0,0.0,0.0
160,240.0,11110000.0,1.0,1.0,1.0,0.0,0.0,0.0
161,240.0,11110000.0,1.0,1.0,1.0,0.0,0.0,0.0
162,240.0,11110000.0,1.0,1.0,1.0,0.0,0.0,0.0
163,239.9957894736842,11109997.368421054,1.0,1.0,0.9997368421052631,0.0,0.0,0.000263157894736854
164,240.0,11110000.0,1.0,1.0,1.0,0.0,0.0,0.0
165,240.0,11110000.0,1.0,1.0,1.0,0.0,0.0,0.0
166,240.0,11110000.0,1.0,1.0,1.0,0.0,0.0,0.0
167,240.0,11110000.0,1.0,1.0,1.0,0.0,0.0,0.0
168,240.0,11110000.0,1.0,1.0,1.0,0.0,0.0,0.0
169,240.0,11110000.0,1.0,1.0,1.0,0.0,0.0,0.0
170,240.0,11110000.0,1.0,1.0,1.0,0.0,0.0,0.0
171,240.0,11110000.0,1.0,1.0,1.0,0.0,0.0,0.0
172,240.0,11110000.0,1.0,1.0,1.0,0.0,0.0,0.0
173,240.0,11110000.0,1.0,1.0,1.0,0.0,0.0,0.0
174,240.0,11110000.0,1.0,1.0,1.0,0.0,0.0,0.0
175,240.0,11110000.0,1.0,1.0,1.0,0.0,0.0,0.0
176,239.9957894736842,11109997.368421054,1.0,1.0,0.9997368421052631,0.0,0.0,0.000263157894736854
177,240.0,11110000.0,1.0,1.0,1.0,0.0,0.0,0.0
178,240.0,11110000.0,1.0,1.0,1.0,0.0,0.0,0.0
179,240.0,11110000.0,1.0,1.0,1.0,0.0,0.0,0.0
180,240.0,11110000.0,1.0,1.0,1.0,0.0,0.0,0.0
181,240.0,11110000.0,1.0,1.0,1.0,0.0,0.0,0.0
182,240.0,11110000.0,1.0,1.0,1.0,0.0,0.0,0.0
183,239.9957894736842,11109997.368421054,1.0,1.0,0.9997368421052631,0.0,0.0,0.000263157894736854
184,239.98736842105265,11109971.05263158,1.0,0.9997368421052631,0.9997368421052631,0.0,0.000263157894736854,0.000263157894736854
185,240.0,11110000.0,1.0,1.0,1.0,0.0,0.0,0.0
186,240.0,11110000.0,1.0,1.0,1.0,0.0,0.0,0.0
187,240.0,11110000.0,1.0,1.0,1.0,0.0,0.0,0.0
188,239.9957894736842,11109997.368421054,1.0,1.0,0.9997368421052631,0.0,0.0,0.000263157894736854
189,239.9957894736842,11109997.368421054,1.0,1.0,0.9997368421052631,0.0,0.0,0.000263157894736854
190,239.98315789473685,11109736.842105264,0.9997368421052631,1.0,1.0,0.000263157894736854,0.0,0.0
191,240.0,11110000.0,1.0,1.0,1.0,0.0,0.0,0.0
192,240.0,11110000.0,1.0,1.0,1.0,0.0,0.0,0.0
193,239.9494736842105,11109210.52631579,0.9992105263157894,1.0,1.0,0.0007894736842105621,0.0,0.0
194,239.93263157894737,11108947.368421054,0.9989473684210526,1.0,1.0,0.001052631578947416,0.0,0.0
195,239.9663157894737,11109473.684210526,0.9994736842105264,1.0,1.0,0.000526315789473597,0.0,0.0
196,240.0,11110000.0,1.0,1.0,1.0,0.0,0.0,0.0
197,240.0,11110000.0,1.0,1.0,1.0,0.0,0.0,0.0
198,239.89894736842103,11108421.05263158,0.998421052631579,1.0,1.0,0.0015789473684210131,0.0,0.0
199,239.83157894736843,11107368.421052633,0.9973684210526316,1.0,1.0,0.0026315789473684292,0.0,0.0
200,239.81473684210528,11107105.263157897,0.9971052631578948,1.0,1.0,0.0028947368421051722,0.0,0.0
201,239.78105263157892,11106578.94736842,0.996578947368421,1.0,1.0,0.0034210526315789913,0.0,0.0
202,239.68,11105000.0,0.995,1.0,1.0,0.0050000000000000044,0.0,0.0
203,239.62947368421047,11104210.52631579,0.9942105263157894,1.0,1.0,0.0057894736842105665,0.0,0.0
204,239.4778947368421,11101842.10526316,0.991842105263158,1.0,1.0,0.00815789473684203,0.0,0.0
205,239.2084210526316,11097631.578947367,0.9876315789473684,1.0,1.0,0.012368421052631584,0.0,0.0
206,239.2757894736842,11098684.210526315,0.9886842105263158,1.0,1.0,0.011315789473684168,0.0,0.0
207,239.14105263157896,11096578.94736842,0.986578947368421,1.0,1.0,0.013421052631579,0.0,0.0
208,238.9557894736842,11093684.210526315,0.9836842105263158,1.0,1.0,0.016315789473684172,0.0,0.0
209,238.53473684210527,11087105.263157897,0.9771052631578948,1.0,1.0,0.02289473684210519,0.0,0.0
210,238.53473684210527,11087105.263157897,0.9771052631578948,1.0,1.0,0.02289473684210519,0.0,0.0
211,238.36631578947367,11084473.684210526,0.9744736842105264,1.0,1.0,0.02552631578947362,0.0,0.0
212,237.7642105263158,11075234.210526315,0.9652631578947368,0.9997368421052631,0.9997368421052631,0.03473684210526318,0.000263157894736854,0.000263157894736854
213,237.3221052631579,11068157.89473684,0.958157894736842,1.0,1.0,0.041842105263158014,0.0,0.0
214,236.9178947368421,11061842.10526316,0.951842105263158,1.0,1.0,0.048157894736841955,0.0,0.0
215,236.0421052631579,11048157.89473684,0.938157894736842,1.0,1.0,0.06184210526315803,0.0,0.0
216,236.14315789473685,11049736.842105264,0.9397368421052632,1.0,1.0,0.060263157894736796,0.0,0.0
217,235.45263157894735,11038947.368421054,0.9289473684210526,1.0,1.0,0.07105263157894737,0.0,0.0
218,234.69473684210527,11027105.263157897,0.9171052631578948,1.0,1.0,0.08289473684210524,0.0,0.0
219,233.28,11005000.0,0.895,1.0,1.0,0.10499999999999998,0.0,0.0
220,233.06105263157892,11001578.94736842,0.891578947368421,1.0,1.0,0.10842105263157897,0.0,0.0
221,231.29263157894735,10973947.368421054,0.8639473684210527,1.0,1.0,0.13605263157894731,0.0,0.0
222,230.5684210526316,10962631.578947367,0.8526315789473684,1.0,1.0,0.1473684210526316,0.0,0.0
223,229.08631578947367,10939473.684210526,0.8294736842105264,1.0,1.0,0.17052631578947364,0.0,0.0
224,227.46947368421053,10914210.52631579,0.8042105263157895,1.0,1.0,0.1957894736842105,0.0,0.0
225,226.13894736842104,10893421.05263158,0.7834210526315789,1.0,1.0,0.2165789473684211,0.0,0.0
226,224.38315789473685,10866050.0,0.7560526315789474,1.0,0.9997368421052631,0.24394736842105258,0.0,0.000263157894736854
227,222.85052631578947,10839997.368421054,0.7326315789473684,1.0,0.9997368421052631,0.2673684210526316,0.0,0.000263157894736854
228,221.6421052631579,10823157.89473684,0.7131578947368421,1.0,1.0,0.2868421052631579,0.0,0.0
229,220.6147368421053,10807105.263157897,0.6971052631578948,1.0,1.0,0.3028947368421052,0.0,0.0
230,218.44210526315788,10773157.89473684,0.6631578947368421,1.0,1.0,0.33684210526315794,0.0,0.0
231,215.9494736842105,10734210.52631579,0.6242105263157894,1.0,1.0,0.37578947368421056,0.0,0.0
232,214.8168421052632,10716576.315789474,0.6065789473684211,1.0,0.9997368421052631,0.3934210526315789,0.0,0.000263157894736854
233,213.94526315789477,10702894.736842103,0.5928947368421053,1.0,1.0,0.40710526315789475,0.0,0.0
234,209.7684210526316,10637631.578947367,0.5276315789473685,1.0,1.0,0.47236842105263155,0.0,0.0
235,208.30315789473684,10612631.578947367,0.5052631578947369,1.0,1.0,0.49473684210526314,0.0,0.0
236,206.6357894736842,10588684.210526315,0.4786842105263157,1.0,1.0,0.5213157894736843,0.0,0.0
237,205.3515789473684,10568681.578947367,0.4586842105263158,1.0,0.9997368421052631,0.5413157894736842,0.0,0.000263157894736854
238,202.69473684210527,10527105.263157897,0.4171052631578947,1.0,1.0,0.5828947368421054,0.0,0.0
239,200.1515789473684,10487368.421052633,0.3773684210526316,1.0,1.0,0.6226315789473684,0.0,0.0
240,198.60210526315788,10461052.631578946,0.3536842105263157,1.0,1.0,0.6463157894736843,0.0,0.0
241,197.09052631578948,10433413.157894736,0.3313157894736842,1.0,0.9992105263157894,0.6686842105263158,0.0,0.0007894736842105621
242,195.80631578947367,10419473.684210526,0.3094736842105263,1.0,1.0,0.6905263157894737,0.0,0.0
243,193.78526315789475,10387894.736842103,0.2778947368421052,1.0,1.0,0.7221052631578948,0.0,0.0
244,192.69052631578947,10370789.47368421,0.2607894736842105,1.0,1.0,0.7392105263157895,0.0,0.0
245,191.3768421052632,10350263.157894736,0.2402631578947368,1.0,1.0,0.7597368421052633,0.0,0.0
246,189.5578947368421,10321842.10526316,0.2118421052631579,1.0,1.0,0.7881578947368422,0.0,0.0
247,187.75578947368425,10293684.210526315,0.1836842105263157,1.0,1.0,0.8163157894736843,0.0,0.0
248,187.5536842105263,10290526.315789474,0.1805263157894736,1.0,1.0,0.8194736842105264,0.0,0.0
249,187.14947368421053,10284210.52631579,0.1742105263157894,1.0,1.0,0.8257894736842106,0.0,0.0
250,186.02105263157893,10266578.94736842,0.156578947368421,1.0,1.0,0.843421052631579,0.0,0.0
251,186.02105263157893,10266578.94736842,0.156578947368421,1.0,1.0,0.843421052631579,0.0,0.0
252,178.94736842105263,10156052.631578946,0.0460526315789473,1.0,1.0,0.9539473684210527,0.0,0.0
253,178.66105263157894,10151578.94736842,0.041578947368421,1.0,1.0,0.958421052631579,0.0,0.0
254,177.92,10140000.0,0.03,1.0,1.0,0.97,0.0,0.0
255,177.7178947368421,10136842.10526316,0.0268421052631578,1.0,1.0,0.9731578947368422,0.0,0.0
256,177.54947368421054,10134210.52631579,0.0242105263157894,1.0,1.0,0.9757894736842107,0.0,0.0
257,177.2084210526316,10126839.47368421,0.0194736842105263,1.0,0.9997368421052631,0.9805263157894737,0.0,0.000263157894736854
258,177.10736842105263,10127365.789473685,0.0173684210526315,1.0,0.9997368421052631,0.9826315789473685,0.0,0.000263157894736854
259,176.61473684210526,10119731.578947367,0.0097368421052631,1.0,0.9994736842105264,0.990263157894737,0.0,0.000526315789473597
260,176.65684210526317,10116052.631578946,0.0113157894736842,1.0,1.0,0.9886842105263158,0.0,0.0
261,176.36631578947367,10109471.05263158,0.0073684210526315,1.0,0.9997368421052631,0.9926315789473685,0.0,0.000263157894736854
262,176.4378947368421,10116842.10526316,0.0068421052631578,1.0,1.0,0.9931578947368422,0.0,0.0
263,176.21894736842106,10113421.05263158,0.0034210526315789,1.0,1.0,0.9965789473684211,0.0,0.0
264,176.18526315789472,10112894.736842103,0.0028947368421052,1.0,1.0,0.9971052631578948,0.0,0.0
265,176.30315789473684,10114736.842105264,0.0047368421052631,1.0,1.0,0.9952631578947368,0.0,0.0
266,176.06736842105263,10111052.631578946,0.0010526315789473,1.0,1.0,0.9989473684210527,0.0,0.0
267,176.18526315789472,10112894.736842103,0.0028947368421052,1.0,1.0,0.9971052631578948,0.0,0.0
268,176.05052631578948,10110789.47368421,0.0007894736842105,1.0,1.0,0.9992105263157895,0.0,0.0
269,176.0842105263158,10111315.789473685,0.0013157894736842,1.0,1.0,0.9986842105263158,0.0,0.0
270,176.0842105263158,10111315.789473685,0.0013157894736842,1.0,1.0,0.9986842105263158,0.0,0.0
271,176.0842105263158,10111315.789473685,0.0013157894736842,1.0,1.0,0.9986842105263158,0.0,0.0
272,176.0,10110000.0,0.0,1.0,1.0,1.0,0.0,0.0
273,176.0,10110000.0,0.0,1.0,1.0,1.0,0.0,0.0
274,176.0336842105263,10110526.315789474,0.0005263157894736,1.0,1.0,0.9994736842105264,0.0,0.0
275,176.0336842105263,10110526.315789474,0.0005263157894736,1.0,1.0,0.9994736842105264,0.0,0.0
276,176.0336842105263,10110526.315789474,0.0005263157894736,1.0,1.0,0.9994736842105264,0.0,0.0
277,176.0336842105263,10110526.315789474,0.0005263157894736,1.0,1.0,0.9994736842105264,0.0,0.0
278,176.0,10110000.0,0.0,1.0,1.0,1.0,0.0,0.0
279,176.01684210526315,10110263.157894736,0.0002631578947368,1.0,1.0,0.9997368421052631,0.0,0.0
280,176.01684210526315,10110263.157894736,0.0002631578947368,1.0,1.0,0.9997368421052631,0.0,0.0
281,176.0,10110000.0,0.0,1.0,1.0,1.0,0.0,0.0
282,176.0,10110000.0,0.0,1.0,1.0,1.0,0.0,0.0
283,176.0,10110000.0,0.0,1.0,1.0,1.0,0.0,0.0
284,176.01684210526315,10110263.157894736,0.0002631578947368,1.0,1.0,0.9997368421052631,0.0,0.0
285,176.0,10110000.0,0.0,1.0,1.0,1.0,0.0,0.0
286,176.0,10110000.0,0.0,1.0,1.0,1.0,0.0,0.0
287,175.89473684210526,10096039.47368421,0.0018421052631578,1.0,0.9986842105263158,0.9981578947368422,0.0,0.001315789473684159
288,175.97473684210527,10105521.05263158,0.0007894736842105,1.0,0.9994736842105264,0.9992105263157895,0.0,0.000526315789473597
289,176.0,10110000.0,0.0,1.0,1.0,1.0,0.0,0.0
290,175.86105263157896,10099702.631578946,0.0002631578947368,0.9997368421052631,0.9992105263157894,0.9997368421052631,0.000263157894736854,0.0007894736842105621
291,176.0,10110000.0,0.0,1.0,1.0,1.0,0.0,0.0
292,176.0,10110000.0,0.0,1.0,1.0,1.0,0.0,0.0
293,176.0,10110000.0,0.0,1.0,1.0,1.0,0.0,0.0
294,176.01684210526315,10110263.157894736,0.0002631578947368,1.0,1.0,0.9997368421052631,0.0,0.0
295,176.0,10110000.0,0.0,1.0,1.0,1.0,0.0,0.0
296,176.0,10110000.0,0.0,1.0,1.0,1.0,0.0,0.0
297,176.0,10110000.0,0.0,1.0,1.0,1.0,0.0,0.0
298,176.0,10110000.0,0.0,1.0,1.0,1.0,0.0,0.0
299,176.0,10110000.0,0.0,1.0,1.0,1.0,0.0,0.0
300,176.0,10110000.0,0.0,1.0,1.0,1.0,0.0,0.0
301,176.0,10110000.0,0.0,1.0,1.0,1.0,0.0,0.0
302,176.0,10110000.0,0.0,1.0,1.0,1.0,0.0,0.0
303,176.0,10110000.0,0.0,1.0,1.0,1.0,0.0,0.0
304,176.0,10110000.0,0.0,1.0,1.0,1.0,0.0,0.0
305,176.0,10110000.0,0.0,1.0,1.0,1.0,0.0,0.0
306,176.0,10110000.0,0.0,1.0,1.0,1.0,0.0,0.0
307,176.0,10110000.0,0.0,1.0,1.0,1.0,0.0,0.0
308,176.0,10110000.0,0.0,1.0,1.0,1.0,0.0,0.0
309,176.0,10110000.0,0.0,1.0,1.0,1.0,0.0,0.0
310,176.0,10110000.0,0.0,1.0,1.0,1.0,0.0,0.0
311,176.0,10110000.0,0.0,1.0,1.0,1.0,0.0,0.0
312,176.0,10110000.0,0.0,1.0,1.0,1.0,0.0,0.0
313,176.01684210526315,10110263.157894736,0.0002631578947368,1.0,1.0,0.9997368421052631,0.0,0.0
314,176.0,10110000.0,0.0,1.0,1.0,1.0,0.0,0.0
315,176.0,10110000.0,0.0,1.0,1.0,1.0,0.0,0.0
316,176.0,10110000.0,0.0,1.0,1.0,1.0,0.0,0.0
317,176.01684210526315,10110263.157894736,0.0002631578947368,1.0,1.0,0.9997368421052631,0.0,0.0
318,176.0,10110000.0,0.0,1.0,1.0,1.0,0.0,0.0
319,176.0,10110000.0,0.0,1.0,1.0,1.0,0.0,0.0
320,176.0,10110000.0,0.0,1.0,1.0,1.0,0.0,0.0
321,176.0,10110000.0,0.0,1.0,1.0,1.0,0.0,0.0
322,176.0,10110000.0,0.0,1.0,1.0,1.0,0.0,0.0
323,176.01684210526315,10110263.157894736,0.0002631578947368,1.0,1.0,0.9997368421052631,0.0,0.0
324,176.0,10110000.0,0.0,1.0,1.0,1.0,0.0,0.0
325,176.0,10110000.0,0.0,1.0,1.0,1.0,0.0,0.0
326,176.0,10110000.0,0.0,1.0,1.0,1.0,0.0,0.0
327,176.0,10110000.0,0.0,1.0,1.0,1.0,0.0,0.0
328,176.0,10110000.0,0.0,1.0,1.0,1.0,0.0,0.0
329,176.0,10110000.0,0.0,1.0,1.0,1.0,0.0,0.0
330,176.0,10110000.0,0.0,1.0,1.0,1.0,0.0,0.0
331,176.0,10110000.0,0.0,1.0,1.0,1.0,0.0,0.0
332,176.0,10110000.0,0.0,1.0,1.0,1.0,0.0,0.0
333,176.0,10110000.0,0.0,1.0,1.0,1.0,0.0,0.0
334,176.0,10110000.0,0.0,1.0,1.0,1.0,0.0,0.0
335,176.01684210526315,10110263.157894736,0.0002631578947368,1.0,1.0,0.9997368421052631,0.0,0.0
336,176.0,10110000.0,0.0,1.0,1.0,1.0,0.0,0.0
337,176.0,10110000.0,0.0,1.0,1.0,1.0,0.0,0.0
338,176.0,10110000.0,0.0,1.0,1.0,1.0,0.0,0.0
339,176.0,10110000.0,0.0,1.0,1.0,1.0,0.0,0.0
340,176.0,10110000.0,0.0,1.0,1.0,1.0,0.0,0.0
341,176.01684210526315,10110263.157894736,0.0002631578947368,1.0,1.0,0.9997368421052631,0.0,0.0
342,176.0,10110000.0,0.0,1.0,1.0,1.0,0.0,0.0
343,176.0,10110000.0,0.0,1.0,1.0,1.0,0.0,0.0
344,176.0,10110000.0,0.0,1.0,1.0,1.0,0.0,0.0
345,176.0,10110000.0,0.0,1.0,1.0,1.0,0.0,0.0
346,176.01684210526315,10110263.157894736,0.0002631578947368,1.0,1.0,0.9997368421052631,0.0,0.0
347,176.0,10110000.0,0.0,1.0,1.0,1.0,0.0,0.0
348,176.0,10110000.0,0.0,1.0,1.0,1.0,0.0,0.0
349,176.0,10110000.0,0.0,1.0,1.0,1.0,0.0,0.0
350,176.01684210526315,10110263.157894736,0.0002631578947368,1.0,1.0,0.9997368421052631,0.0,0.0
351,176.0,10110000.0,0.0,1.0,1.0,1.0,0.0,0.0
352,176.0,10110000.0,0.0,1.0,1.0,1.0,0.0,0.0
353,176.0,10110000.0,0.0,1.0,1.0,1.0,0.0,0.0
354,176.0,10110000.0,0.0,1.0,1.0,1.0,0.0,0.0
355,176.0,10110000.0,0.0,1.0,1.0,1.0,0.0,0.0
356,176.0,10110000.0,0.0,1.0,1.0,1.0,0.0,0.0
357,175.97894736842105,10107628.94736842,0.0002631578947368,1.0,0.9997368421052631,0.9997368421052631,0.0,0.000263157894736854
358,175.9578947368421,10105257.89473684,0.0005263157894736,1.0,0.9994736842105264,0.9994736842105264,0.0,0.000526315789473597
359,176.0,10110000.0,0.0,1.0,1.0,1.0,0.0,0.0
360,175.94526315789474,10107334.210526315,0.0,0.9997368421052631,0.9992105263157894,1.0,0.000263157894736854,0.0007894736842105621
361,176.0,10110000.0,0.0,1.0,1.0,1.0,0.0,0.0
362,176.0,10110000.0,0.0,1.0,1.0,1.0,0.0,0.0
363,176.01684210526315,10110263.157894736,0.0002631578947368,1.0,1.0,0.9997368421052631,0.0,0.0
364,176.0,10110000.0,0.0,1.0,1.0,1.0,0.0,0.0
365,176.0,10110000.0,0.0,1.0,1.0,1.0,0.0,0.0
366,176.0,10110000.0,0.0,1.0,1.0,1.0,0.0,0.0
367,176.0,10110000.0,0.0,1.0,1.0,1.0,0.0,0.0
368,176.01684210526315,10110263.157894736,0.0002631578947368,1.0,1.0,0.9997368421052631,0.0,0.0
369,176.0,10110000.0,0.0,1.0,1.0,1.0,0.0,0.0
370,175.9242105263158,10104731.578947367,0.0,1.0,0.9994736842105264,1.0,0.0,0.000526315789473597
371,175.97894736842105,10107628.94736842,0.0002631578947368,1.0,0.9997368421052631,0.9997368421052631,0.0,0.000263157894736854
372,176.0,10110000.0,0.0,1.0,1.0,1.0,0.0,0.0
373,176.0,10110000.0,0.0,1.0,1.0,1.0,0.0,0.0
374,176.0,10110000.0,0.0,1.0,1.0,1.0,0.0,0.0
375,176.01684210526315,10110263.157894736,0.0002631578947368,1.0,1.0,0.9997368421052631,0.0,0.0
376,176.0,10110000.0,0.0,1.0,1.0,1.0,0.0,0.0
377,176.01684210526315,10110263.157894736,0.0002631578947368,1.0,1.0,0.9997368421052631,0.0,0.0
378,176.0,10110000.0,0.0,1.0,1.0,1.0,0.0,0.0
379,176.01684210526315,10110263.157894736,0.0002631578947368,1.0,1.0,0.9997368421052631,0.0,0.0
380,176.0,10110000.0,0.0,1.0,1.0,1.0,0.0,0.0
381,176.0,10110000.0,0.0,1.0,1.0,1.0,0.0,0.0
382,176.0,10110000.0,0.0,1.0,1.0,1.0,0.0,0.0
383,176.02526315789473,10110500.0,0.0005263157894736,0.9997368421052631,1.0,0.9994736842105264,0.000263157894736854,0.0
384,176.0,10110000.0,0.0,1.0,1.0,1.0,0.0,0.0
385,176.01684210526315,10110263.157894736,0.0002631578947368,1.0,1.0,0.9997368421052631,0.0,0.0
386,176.0,10110000.0,0.0,1.0,1.0,1.0,0.0,0.0
387,175.99157894736842,10109973.684210526,0.0,0.9997368421052631,1.0,1.0,0.000263157894736854,0.0
388,175.9621052631579,10107576.315789474,0.0002631578947368,0.9994736842105264,0.9997368421052631,0.9997368421052631,0.000526315789473597,0.000263157894736854
389,176.0,10110000.0,0.0,1.0,1.0,1.0,0.0,0.0
390,175.97473684210527,10109921.05263158,0.0,0.9992105263157894,1.0,1.0,0.0007894736842105621,0.0
391,175.97473684210527,10109942.10526316,0.0,0.9994736842105264,0.9994736842105264,1.0,0.000526315789473597,0.000526315789473597
392,175.9284210526316,10109807.89473684,0.0,0.998157894736842,0.9992105263157894,1.0,0.0018421052631579782,0.0007894736842105621
393,175.98315789473685,10108052.631578946,0.0007894736842105,0.9989473684210526,1.0,0.9992105263157895,0.001052631578947416,0.0
394,175.97052631578947,10109918.421052633,0.0,0.9992105263157894,0.9997368421052631,1.0,0.0007894736842105621,0.000263157894736854
395,175.97473684210527,10109921.05263158,0.0,0.9992105263157894,1.0,1.0,0.0007894736842105621,0.0
396,175.8736842105263,10107352.631578946,0.0002631578947368,0.9973684210526316,0.998421052631579,0.9997368421052631,0.0026315789473684292,0.0015789473684210131
397,175.88631578947368,10109697.368421054,0.0,0.9971052631578948,0.9986842105263158,1.0,0.0028947368421051722,0.001315789473684159
398,175.85263157894738,10109592.10526316,0.0,0.9960526315789474,0.9986842105263158,1.0,0.003947368421052588,0.001315789473684159
399,175.8021052631579,10109455.263157897,0.0,0.9947368421052633,0.998157894736842,1.0,0.0052631578947367474,0.0018421052631579782
400,175.78105263157894,10109357.89473684,0.0,0.9936842105263158,0.9989473684210526,1.0,0.0063157894736841635,0.001052631578947416
401,175.77263157894737,10109373.684210526,0.0,0.9939473684210526,0.9978947368421052,1.0,0.0060526315789474205,0.002105263157894832
402,175.70947368421054,10109165.789473685,0.0,0.991842105263158,0.998157894736842,1.0,0.00815789473684203,0.0018421052631579782
403,175.51157894736843,10108663.157894736,0.0,0.9871052631578948,0.9952631578947368,1.0,0.012894736842105181,0.00473684210526315
404,175.37684210526317,10108200.0,0.0,0.9823684210526316,0.9963157894736844,1.0,0.017631578947368443,0.0036842105263156233
405,175.25052631578947,10107826.315789474,0.0,0.9786842105263158,0.9957894736842106,1.0,0.021315789473684177,0.004210526315789442
406,175.09894736842105,10107415.789473685,0.0,0.9747368421052632,0.9942105263157894,1.0,0.025263157894736765,0.0057894736842105665
407,174.83789473684212,10106705.263157897,0.0,0.9678947368421053,0.991578947368421,1.0,0.03210526315789475,0.008421052631578996
408,174.77473684210526,10106707.89473684,0.0002631578947368,0.9652631578947368,0.991842105263158,0.9997368421052631,0.03473684210526318,0.00815789473684203
409,174.54315789473685,10105826.315789474,0.0,0.9592105263157896,0.9905263157894736,1.0,0.040789473684210376,0.009473684210526412
410,174.13894736842104,10104689.47368421,0.0,0.948157894736842,0.9873684210526316,1.0,0.05184210526315802,0.012631578947368438
411,173.8357894736842,10103805.263157897,0.0,0.9394736842105263,0.9857894736842104,1.0,0.06052631578947365,0.014210526315789562
412,173.70947368421054,10103494.736842103,0.0,0.9365789473684212,0.9836842105263158,1.0,0.06342105263157882,0.016315789473684172
413,173.1536842105263,10102136.842105264,0.0002631578947368,0.9207894736842104,0.9794736842105264,0.9997368421052631,0.07921052631578962,0.020526315789473615
414,172.65263157894736,10098097.368421054,0.0002631578947368,0.906842105263158,0.978157894736842,0.9997368421052631,0.093157894736842,0.021842105263157996
415,171.9157894736842,10098331.578947367,0.0,0.8860526315789473,0.9726315789473684,1.0,0.11394736842105269,0.027368421052631597
416,171.62526315789475,10090676.315789474,0.0010526315789473,0.8778947368421053,0.9728947368421051,0.9989473684210527,0.12210526315789472,0.027105263157894854
417,171.13263157894738,10093547.368421054,0.0,0.865,0.9678947368421053,1.0,0.135,0.03210526315789475
418,170.41684210526316,10094068.421052633,0.0,0.8444736842105263,0.9621052631578948,1.0,0.15552631578947373,0.0378947368421052
419,170.01684210526315,10092955.263157897,0.0,0.8336842105263158,0.9586842105263158,1.0,0.1663157894736842,0.041315789473684195
420,168.86736842105262,10089857.89473684,0.0002631578947368,0.8007894736842105,0.9515789473684212,0.9997368421052631,0.1992105263157895,0.04842105263157881
421,167.44,10085850.0,0.0002631578947368,0.7618421052631579,0.9402631578947368,0.9997368421052631,0.23815789473684212,0.0597368421052632
422,166.6863157894737,10083400.0,0.0,0.7402631578947368,0.9373684210526316,1.0,0.25973684210526315,0.06263157894736837
423,165.7136842105263,10075907.89473684,0.0002631578947368,0.7163157894736842,0.9276315789473684,0.9997368421052631,0.28368421052631576,0.07236842105263164
424,164.4378947368421,10072626.315789474,0.0007894736842105,0.6789473684210526,0.9205263157894736,0.9992105263157895,0.32105263157894737,0.07947368421052636
425,164.0042105263158,10065828.94736842,0.0002631578947368,0.6689473684210526,0.9197368421052632,0.9997368421052631,0.3310526315789474,0.08026315789473681
426,162.33684210526314,10070681.578947367,0.0,0.6152631578947368,0.9155263157894736,1.0,0.38473684210526315,0.08447368421052637
427,161.3221052631579,10068110.52631579,0.0,0.5910526315789474,0.9005263157894737,1.0,0.4089473684210526,0.09947368421052627
428,160.50105263157894,10065828.94736842,0.0,0.5689473684210526,0.8934210526315789,1.0,0.43105263157894735,0.1065789473684211
429,158.5557894736842,10060571.05263158,0.0,0.5184210526315789,0.8728947368421053,1.0,0.4815789473684211,0.12710526315789472
430,158.24,10059173.684210526,0.0,0.503421052631579,0.8831578947368421,1.0,0.496578947368421,0.11684210526315786
431,157.16631578947369,10056165.789473685,0.0,0.4742105263157894,0.8744736842105263,1.0,0.5257894736842106,0.1255263157894737
432,155.16210526315788,10051186.842105264,0.0,0.4276315789473684,0.8423684210526315,1.0,0.5723684210526316,0.15763157894736846
433,154.8,10049318.421052633,0.0,0.4071052631578947,0.8607894736842105,1.0,0.5928947368421054,0.13921052631578945
434,153.0063157894737,10044597.368421054,0.0,0.3621052631578947,0.8386842105263158,1.0,0.6378947368421053,0.1613157894736842
435,151.63368421052633,10040118.421052633,0.0,0.3168421052631578,0.843421052631579,1.0,0.6831578947368422,0.15657894736842104
436,151.57894736842104,10040021.05263158,0.0,0.3160526315789473,0.8415789473684211,1.0,0.6839473684210526,0.1584210526315789
437,150.23157894736843,10036063.157894736,0.0,0.2771052631578947,0.8352631578947368,1.0,0.7228947368421053,0.16473684210526318
438,149.6757894736842,10034957.89473684,0.0,0.2676315789473684,0.8194736842105264,1.0,0.7323684210526316,0.18052631578947365
439,148.15578947368422,10030681.578947367,0.0,0.2260526315789473,0.8076315789473684,1.0,0.7739473684210527,0.19236842105263163
440,147.7178947368421,10028997.368421054,0.0,0.2084210526315789,0.8155263157894737,1.0,0.7915789473684212,0.18447368421052635
441,146.85894736842104,10021850.0,0.0,0.1910526315789473,0.8007894736842105,1.0,0.8089473684210526,0.1992105263157895
442,145.84,10021128.94736842,0.0,0.1573684210526315,0.8023684210526316,1.0,0.8426315789473685,0.19763157894736838
443,145.41473684210527,10022273.684210526,0.0,0.1423684210526316,0.8036842105263158,1.0,0.8576315789473684,0.19631578947368422
444,143.94526315789474,10019060.52631579,0.0,0.1136842105263157,0.7692105263157895,1.0,0.8863157894736843,0.23078947368421054
445,144.15578947368422,10016076.315789474,0.0,0.1073684210526315,0.7971052631578948,1.0,0.8926315789473684,0.20289473684210524
446,143.75578947368422,10017763.157894736,0.0,0.0989473684210526,0.7868421052631579,1.0,0.9010526315789474,0.2131578947368421
447,143.1915789473684,10015957.89473684,0.0,0.0807894736842105,0.7878947368421053,1.0,0.9192105263157895,0.21210526315789469
448,142.60210526315788,10014557.89473684,0.0,0.0678947368421052,0.7768421052631579,1.0,0.9321052631578948,0.2231578947368421
449,142.24,10013468.421052633,0.0,0.0571052631578947,0.7757894736842105,1.0,0.9428947368421053,0.22421052631578953
450,141.8905263157895,10012660.52631579,0.0,0.0497368421052631,0.7686842105263157,1.0,0.9502631578947369,0.23131578947368425
451,141.68842105263158,10011797.368421054,0.0,0.0405263157894736,0.7744736842105263,1.0,0.9594736842105264,0.22552631578947369
452,141.43578947368422,10011050.0,0.0,0.0331578947368421,0.7734210526315789,1.0,0.966842105263158,0.2265789473684211
453,141.53263157894736,10011489.47368421,0.0,0.0378947368421052,0.77,1.0,0.9621052631578948,0.22999999999999998
454,141.14947368421053,10007650.0,0.0,0.0255263157894736,0.7728947368421053,1.0,0.9744736842105264,0.2271052631578947
455,141.1157894736842,10004723.684210526,0.0,0.0218421052631578,0.7802631578947369,1.0,0.9781578947368422,0.21973684210526312
456,140.8842105263158,10009315.789473685,0.0,0.0157894736842105,0.7736842105263158,1.0,0.9842105263157895,0.22631578947368425
457,140.89263157894737,10006710.52631579,0.0,0.0157894736842105,0.7763157894736842,1.0,0.9842105263157895,0.22368421052631582
458,140.81684210526316,10003989.47368421,0.0,0.015,0.7752631578947369,1.0,0.985,0.22473684210526312
459,140.58526315789473,10006455.263157897,0.0002631578947368,0.0118421052631578,0.7639473684210526,0.9997368421052631,0.9881578947368422,0.2360526315789474
460,140.21473684210525,9979950.0,0.0,0.0128947368421052,0.7607894736842106,1.0,0.9871052631578948,0.23921052631578943
461,140.64,10008678.94736842,0.0,0.0097368421052631,0.7705263157894737,1.0,0.990263157894737,0.22947368421052627
462,140.61894736842106,10008792.10526316,0.0,0.0113157894736842,0.7660526315789473,1.0,0.9886842105263158,0.23394736842105268
463,140.8463157894737,10008555.263157897,0.0,0.006578947368421,0.7897368421052632,1.0,0.993421052631579,0.21026315789473682
464,140.48,10008052.631578946,0.0,0.0031578947368421,0.7736842105263158,1.0,0.9968421052631579,0.22631578947368425
465,140.4378947368421,10007963.157894736,0.0,0.0023684210526315,0.7726315789473684,1.0,0.9976315789473685,0.22736842105263155
466,140.46736842105264,10008107.89473684,0.0,0.0039473684210526,0.7713157894736842,1.0,0.9960526315789474,0.22868421052631582
467,140.69894736842105,10008315.789473685,0.0,0.0047368421052631,0.7842105263157895,1.0,0.9952631578947368,0.21578947368421053
468,140.40421052631578,10007984.210526315,0.0,0.0028947368421052,0.7694736842105263,1.0,0.9971052631578948,0.2305263157894737
469,140.27789473684211,10007884.210526315,0.0,0.0026315789473684,0.7621052631578947,1.0,0.9973684210526316,0.23789473684210527
470,140.24842105263158,10007823.684210526,0.0,0.0021052631578947,0.7613157894736842,1.0,0.9978947368421053,0.23868421052631583
471,140.46315789473684,10008063.157894736,0.0,0.0034210526315789,0.7721052631578947,1.0,0.9965789473684211,0.22789473684210526
472,140.61052631578949,10008113.157894736,0.0,0.0028947368421052,0.7823684210526316,1.0,0.9971052631578948,0.2176315789473684
473,140.50526315789477,10008173.684210526,0.0,0.0044736842105263,0.7726315789473684,1.0,0.9955263157894737,0.22736842105263155
474,140.53052631578947,10008042.10526316,0.0,0.0026315789473684,0.7778947368421053,1.0,0.9973684210526316,0.2221052631578947
475,140.22736842105263,10007768.421052633,0.0,0.001578947368421,0.7610526315789473,1.0,0.998421052631579,0.23894736842105269
476,140.48842105263157,10008100.0,0.0,0.0036842105263157,0.7731578947368422,1.0,0.9963157894736843,0.22684210526315784
477,140.50526315789477,10008089.47368421,0.0,0.0034210526315789,0.7747368421052632,1.0,0.9965789473684211,0.22526315789473683
478,140.66526315789474,10008168.421052633,0.0,0.0031578947368421,0.7852631578947369,1.0,0.9968421052631579,0.21473684210526311
479,140.5936842105263,10007997.368421054,0.0,0.001578947368421,0.7839473684210526,1.0,0.998421052631579,0.21605263157894739
480,140.32842105263157,10007957.89473684,0.0,0.0031578947368421,0.7642105263157895,1.0,0.9968421052631579,0.23578947368421055
481,140.32842105263157,10008021.05263158,0.0,0.0039473684210526,0.7626315789473684,1.0,0.9960526315789474,0.23736842105263156
482,140.31578947368422,10008055.263157897,0.0,0.0044736842105263,0.7607894736842106,1.0,0.9955263157894737,0.23921052631578943
483,140.4842105263158,10008034.210526315,0.0,0.0028947368421052,0.7744736842105263,1.0,0.9971052631578948,0.22552631578947369
484,140.57263157894738,10008110.52631579,0.0,0.0031578947368421,0.7794736842105263,1.0,0.9968421052631579,0.22052631578947368
485,140.50105263157894,10007981.578947367,0.0,0.0021052631578947,0.7771052631578947,1.0,0.9978947368421053,0.22289473684210526
486,140.33684210526314,10007900.0,0.0,0.0023684210526315,0.7663157894736842,1.0,0.9976315789473685,0.23368421052631583
487,140.42947368421054,10007873.684210526,0.0,0.0013157894736842,0.7742105263157895,1.0,0.9986842105263158,0.22578947368421054
488,140.71157894736842,10008176.315789474,0.0,0.0028947368421052,0.7886842105263158,1.0,0.9971052631578948,0.21131578947368423
489,140.90526315789472,10008360.52631579,0.0,0.0036842105263157,0.7992105263157895,1.0,0.9963157894736843,0.20078947368421052
490,140.8294736842105,10008334.210526315,0.0,0.0039473684210526,0.7939473684210526,1.0,0.9960526315789474,0.20605263157894738
491,140.69052631578947,10008247.368421054,0.0,0.0039473684210526,0.7852631578947369,1.0,0.9960526315789474,0.21473684210526311
492,140.6315789473684,10008126.315789474,0.0,0.0028947368421052,0.7836842105263158,1.0,0.9971052631578948,0.21631578947368424
493,140.5178947368421,10007950.0,0.0,0.001578947368421,0.7792105263157895,1.0,0.998421052631579,0.22078947368421054
494,140.50105263157894,10008065.789473685,0.0,0.0031578947368421,0.775,1.0,0.9968421052631579,0.22499999999999998
495,140.53894736842105,10007963.157894736,0.0,0.001578947368421,0.7805263157894737,1.0,0.998421052631579,0.21947368421052627
496,140.49684210526317,10008021.05263158,0.0,0.0026315789473684,0.7757894736842105,1.0,0.9973684210526316,0.22421052631578953
497,140.7242105263158,10008142.10526316,0.0,0.0023684210526315,0.7905263157894736,1.0,0.9976315789473685,0.20947368421052637
498,140.27789473684211,10007842.10526316,0.0,0.0021052631578947,0.7631578947368421,1.0,0.9978947368421053,0.23684210526315785
499,140.41684210526316,10007865.789473685,0.0,0.0013157894736842,0.7734210526315789,1.0,0.9986842105263158,0.2265789473684211
500,140.71157894736842,10008176.315789474,0.0,0.0028947368421052,0.7886842105263158,1.0,0.9971052631578948,0.21131578947368423
501,140.56,10008144.736842103,0.0,0.0036842105263157,0.7776315789473685,1.0,0.9963157894736843,0.22236842105263155
502,140.45894736842106,10008018.421052633,0.0,0.0028947368421052,0.7728947368421053,1.0,0.9971052631578948,0.2271052631578947
503,140.53894736842105,10008089.47368421,0.0,0.0031578947368421,0.7773684210526316,1.0,0.9968421052631579,0.2226315789473684
504,140.54736842105262,10007989.47368421,0.0,0.0018421052631578,0.7805263157894737,1.0,0.9981578947368422,0.21947368421052627
505,140.8842105263158,10008221.05263158,0.0,0.0021052631578947,0.8010526315789473,1.0,0.9978947368421053,0.19894736842105265
506,140.6778947368421,10008113.157894736,0.0,0.0023684210526315,0.7876315789473685,1.0,0.9976315789473685,0.21236842105263154
507,140.58526315789473,10008076.315789474,0.0,0.0026315789473684,0.7813157894736842,1.0,0.9973684210526316,0.21868421052631581
508,140.45473684210526,10008078.94736842,0.0,0.0036842105263157,0.7710526315789473,1.0,0.9963157894736843,0.22894736842105268
509,140.6821052631579,10008263.157894736,0.0,0.0042105263157894,0.7842105263157895,1.0,0.9957894736842106,0.21578947368421053
510,140.49684210526317,10008147.368421054,0.0,0.0042105263157894,0.7726315789473684,1.0,0.9957894736842106,0.22736842105263155
511,140.41684210526316,10005297.368421054,0.0,0.0018421052631578,0.7744736842105263,1.0,0.9981578947368422,0.22552631578947369
512,140.6315789473684,10008042.10526316,0.0,0.0018421052631578,0.7857894736842105,1.0,0.9981578947368422,0.21421052631578952
513,140.49684210526317,10007978.94736842,0.0,0.0021052631578947,0.7768421052631579,1.0,0.9978947368421053,0.2231578947368421
514,140.42105263157896,10008078.94736842,0.0,0.0039473684210526,0.7684210526315789,1.0,0.9960526315789474,0.2315789473684211
515,140.3242105263158,10007828.94736842,0.0,0.001578947368421,0.7671052631578947,1.0,0.998421052631579,0.23289473684210527
516,140.4463157894737,10007947.368421054,0.0,0.0021052631578947,0.7736842105263158,1.0,0.9978947368421053,0.22631578947368425
517,140.45473684210526,10008078.94736842,0.0,0.0036842105263157,0.7710526315789473,1.0,0.9963157894736843,0.22894736842105268
518,140.40842105263158,10007965.789473685,0.0,0.0026315789473684,0.7702631578947369,1.0,0.9973684210526316,0.22973684210526313
519,140.53894736842105,10008068.421052633,0.0,0.0028947368421052,0.7778947368421053,1.0,0.9971052631578948,0.2221052631578947
520,140.37894736842105,10008031.578947367,0.0,0.0036842105263157,0.7663157894736842,1.0,0.9963157894736843,0.23368421052631583
521,140.32,10007952.631578946,0.0,0.0031578947368421,0.7636842105263157,1.0,0.9968421052631579,0.23631578947368426
522,140.40421052631578,10008068.421052633,0.0,0.0039473684210526,0.7673684210526316,1.0,0.9960526315789474,0.2326315789473684
523,140.3621052631579,10008063.157894736,0.0,0.0042105263157894,0.7642105263157895,1.0,0.9957894736842106,0.23578947368421055
524,140.17263157894735,10007839.47368421,0.0,0.0028947368421052,0.755,1.0,0.9971052631578948,0.245
525,140.4463157894737,10008115.789473685,0.0,0.0042105263157894,0.7694736842105263,1.0,0.9957894736842106,0.2305263157894737
526,140.32842105263157,10007936.842105264,0.0,0.0028947368421052,0.7647368421052632,1.0,0.9971052631578948,0.23526315789473684
527,140.62736842105264,10008165.789473685,0.0,0.0034210526315789,0.7823684210526316,1.0,0.9965789473684211,0.2176315789473684
528,140.67368421052632,10008152.631578946,0.0,0.0028947368421052,0.7863157894736842,1.0,0.9971052631578948,0.2136842105263158
529,140.5221052631579,10007952.631578946,0.0,0.001578947368421,0.7794736842105263,1.0,0.998421052631579,0.22052631578947368
530,140.50526315789477,10008026.315789474,0.0,0.0026315789473684,0.7763157894736842,1.0,0.9973684210526316,0.22368421052631582
531,140.52631578947367,10005471.05263158,0.0,0.0031578947368421,0.7786842105263158,1.0,0.9968421052631579,0.22131578947368424
532,140.38736842105263,10000184.210526315,0.0,0.0034210526315789,0.7736842105263158,1.0,0.9965789473684211,0.22631578947368425
533,140.33263157894737,10005644.736842103,0.0002631578947368,0.0036842105263157,0.7644736842105263,0.9997368421052631,0.9963157894736843,0.2355263157894737
534,140.4378947368421,10008110.52631579,0.0,0.0042105263157894,0.7689473684210526,1.0,0.9957894736842106,0.2310526315789474
535,140.50105263157894,10008065.789473685,0.0,0.0031578947368421,0.775,1.0,0.9968421052631579,0.22499999999999998
536,140.37894736842105,10007884.210526315,0.0,0.0018421052631578,0.77,1.0,0.9981578947368422,0.22999999999999998
537,140.30315789473684,10007878.94736842,0.0,0.0023684210526315,0.7642105263157895,1.0,0.9976315789473685,0.23578947368421055
538,140.34105263157895,10005334.210526315,0.0,0.0028947368421052,0.7676315789473684,1.0,0.9971052631578948,0.23236842105263156
539,140.69473684210527,10008292.10526316,0.0,0.0044736842105263,0.7844736842105263,1.0,0.9955263157894737,0.21552631578947368
540,140.35368421052632,10008015.789473685,0.0,0.0036842105263157,0.7647368421052632,1.0,0.9963157894736843,0.23526315789473684
541,140.58105263157896,10008094.736842103,0.0,0.0028947368421052,0.7805263157894737,1.0,0.9971052631578948,0.21947368421052627
542,140.40421052631578,10008047.368421054,0.0,0.0036842105263157,0.7678947368421053,1.0,0.9963157894736843,0.2321052631578947
543,140.29894736842104,10005223.684210526,0.0,0.0018421052631578,0.7671052631578947,1.0,0.9981578947368422,0.23289473684210527
544,140.53473684210527,10008002.631578946,0.0,0.0021052631578947,0.7792105263157895,1.0,0.9978947368421053,0.22078947368421054
545,140.33684210526314,10007984.210526315,0.0,0.0034210526315789,0.7642105263157895,1.0,0.9965789473684211,0.23578947368421055
546,140.50526315789477,10008047.368421054,0.0,0.0028947368421052,0.7757894736842105,1.0,0.9971052631578948,0.22421052631578953
547,140.53473684210527,10008044.736842103,0.0,0.0026315789473684,0.7781578947368422,1.0,0.9973684210526316,0.22184210526315784
548,140.46736842105264,10008065.789473685,0.0,0.0034210526315789,0.7723684210526316,1.0,0.9965789473684211,0.2276315789473684
549,140.5221052631579,10008057.89473684,0.0,0.0028947368421052,0.7768421052631579,1.0,0.9971052631578948,0.2231578947368421
550,140.34526315789475,10007842.10526316,0.0,0.001578947368421,0.7684210526315789,1.0,0.998421052631579,0.2315789473684211
551,140.24842105263158,10007928.94736842,0.0,0.0034210526315789,0.7586842105263157,1.0,0.9965789473684211,0.24131578947368426
552,140.47578947368422,10008007.89473684,0.0,0.0026315789473684,0.7744736842105263,1.0,0.9973684210526316,0.22552631578947369
553,140.37473684210525,10007944.736842103,0.0,0.0026315789473684,0.7681578947368422,1.0,0.9973684210526316,0.23184210526315785
554,140.54736842105262,10007968.421052633,0.0,0.001578947368421,0.7810526315789473,1.0,0.998421052631579,0.21894736842105267
555,140.37473684210525,10007881.578947367,0.0,0.0018421052631578,0.7697368421052632,1.0,0.9981578947368422,0.23026315789473684
556,140.70315789473685,10008276.315789474,0.0,0.0042105263157894,0.7855263157894737,1.0,0.9957894736842106,0.21447368421052626
557,140.37894736842105,10007863.157894736,0.0,0.001578947368421,0.7705263157894737,1.0,0.998421052631579,0.22947368421052627
558,140.5221052631579,10008057.89473684,0.0,0.0028947368421052,0.7768421052631579,1.0,0.9971052631578948,0.2231578947368421
559,140.3621052631579,10007978.94736842,0.0,0.0031578947368421,0.7663157894736842,1.0,0.9968421052631579,0.23368421052631583
560,140.3578947368421,10007955.263157897,0.0,0.0028947368421052,0.766578947368421,1.0,0.9971052631578948,0.23342105263157897
561,140.5936842105263,10007997.368421054,0.0,0.001578947368421,0.7839473684210526,1.0,0.998421052631579,0.21605263157894739
562,140.24,10007755.263157897,0.0,0.0013157894736842,0.7623684210526316,1.0,0.9986842105263158,0.23763157894736842
563,140.21473684210525,10007802.631578946,0.0,0.0021052631578947,0.7592105263157894,1.0,0.9978947368421053,0.24078947368421055
564,140.5936842105263,10008207.89473684,0.0,0.0042105263157894,0.7786842105263158,1.0,0.9957894736842106,0.22131578947368424
565,140.54736842105262,10008284.210526315,0.0,0.0055263157894736,0.7731578947368422,1.0,0.9944736842105264,0.22684210526315784
566,140.33263157894737,10005455.263157897,0.0,0.0044736842105263,0.7639473684210526,1.0,0.9955263157894737,0.2360526315789474
567,140.42105263157896,10007931.578947367,0.0,0.0021052631578947,0.7721052631578947,1.0,0.9978947368421053,0.22789473684210526
568,140.45894736842106,10008081.578947367,0.0,0.0036842105263157,0.7713157894736842,1.0,0.9963157894736843,0.22868421052631582
569,140.58526315789473,10008181.578947367,0.0,0.0039473684210526,0.7786842105263158,1.0,0.9960526315789474,0.22131578947368424
570,140.33684210526314,10007942.10526316,0.0,0.0028947368421052,0.7652631578947369,1.0,0.9971052631578948,0.23473684210526313
571,140.29894736842104,10007855.263157897,0.0,0.0021052631578947,0.7644736842105263,1.0,0.9978947368421053,0.2355263157894737
572,140.24842105263158,10007886.842105264,0.0,0.0028947368421052,0.7597368421052632,1.0,0.9971052631578948,0.24026315789473685
573,140.51368421052632,10007947.368421054,0.0,0.001578947368421,0.7789473684210526,1.0,0.998421052631579,0.2210526315789474
574,140.54736842105262,10008178.94736842,0.0,0.0042105263157894,0.7757894736842105,1.0,0.9957894736842106,0.22421052631578953
575,140.40842105263158,10007965.789473685,0.0,0.0026315789473684,0.7702631578947369,1.0,0.9973684210526316,0.22973684210526313
576,140.30315789473684,10007857.89473684,0.0,0.0021052631578947,0.7647368421052632,1.0,0.9978947368421053,0.23526315789473684
577,140.6778947368421,10008155.263157897,0.0,0.0028947368421052,0.786578947368421,1.0,0.9971052631578948,0.21342105263157896
578,140.50105263157894,10008086.842105264,0.0,0.0034210526315789,0.7744736842105263,1.0,0.9965789473684211,0.22552631578947369
579,140.50947368421052,10008007.89473684,0.0,0.0023684210526315,0.7771052631578947,1.0,0.9976315789473685,0.22289473684210526
580,140.50526315789477,10008047.368421054,0.0,0.0028947368421052,0.7757894736842105,1.0,0.9971052631578948,0.22421052631578953
581,140.3957894736842,10007915.789473685,0.0,0.0021052631578947,0.7705263157894737,1.0,0.9978947368421053,0.22947368421052627
582,140.54315789473685,10008176.315789474,0.0,0.0042105263157894,0.7755263157894737,1.0,0.9957894736842106,0.22447368421052627
583,140.5978947368421,10008000.0,0.0,0.001578947368421,0.7842105263157895,1.0,0.998421052631579,0.21578947368421053
584,140.36631578947367,10008023.684210526,0.0,0.0036842105263157,0.7655263157894737,1.0,0.9963157894736843,0.23447368421052628
585,140.6778947368421,10008197.368421054,0.0,0.0034210526315789,0.7855263157894737,1.0,0.9965789473684211,0.21447368421052626
586,140.41263157894736,10007989.47368421,0.0,0.0028947368421052,0.77,1.0,0.9971052631578948,0.22999999999999998
587,140.56,10008123.684210526,0.0,0.0034210526315789,0.7781578947368422,1.0,0.9965789473684211,0.22184210526315784
588,140.49684210526317,10007936.842105264,0.0,0.001578947368421,0.7778947368421053,1.0,0.998421052631579,0.2221052631578947
589,140.2821052631579,10007865.789473685,0.0,0.0023684210526315,0.7628947368421053,1.0,0.9976315789473685,0.2371052631578947
590,140.16,10007789.47368421,0.0,0.0023684210526315,0.7552631578947369,1.0,0.9976315789473685,0.24473684210526314
591,140.60631578947368,10008131.578947367,0.0,0.0031578947368421,0.781578947368421,1.0,0.9968421052631579,0.21842105263157896
592,140.57263157894738,10008110.52631579,0.0,0.0031578947368421,0.7794736842105263,1.0,0.9968421052631579,0.22052631578947368
593,140.54736842105262,10007989.47368421,0.0,0.0018421052631578,0.7805263157894737,1.0,0.9981578947368422,0.21947368421052627
594,140.60210526315788,10008044.736842103,0.0,0.0021052631578947,0.7834210526315789,1.0,0.9978947368421053,0.2165789473684211
595,140.4378947368421,10007921.05263158,0.0,0.0018421052631578,0.7736842105263158,1.0,0.9981578947368422,0.22631578947368425
596,140.44210526315788,10008007.89473684,0.0,0.0028947368421052,0.7718421052631579,1.0,0.9971052631578948,0.22815789473684212
597,140.78315789473683,10008347.368421054,0.0,0.0044736842105263,0.79,1.0,0.9955263157894737,0.20999999999999996
598,140.50105263157894,10008150.0,0.0,0.0042105263157894,0.7728947368421053,1.0,0.9957894736842106,0.2271052631578947
599,140.54315789473685,10008028.94736842,0.0,0.0023684210526315,0.7792105263157895,1.0,0.9976315789473685,0.22078947368421054
600,140.58947368421053,10008078.94736842,0.0,0.0026315789473684,0.781578947368421,1.0,0.9973684210526316,0.21842105263157896
601,140.66526315789474,10008210.52631579,0.0,0.0036842105263157,0.7842105263157895,1.0,0.9963157894736843,0.21578947368421053
602,140.90526315789472,10008360.52631579,0.0,0.0036842105263157,0.7992105263157895,1.0,0.9963157894736843,0.20078947368421052
603,140.7957894736842,10008228.94736842,0.0,0.0028947368421052,0.7939473684210526,1.0,0.9971052631578948,0.20605263157894738
604,140.57684210526315,10008028.94736842,0.0,0.0021052631578947,0.7818421052631579,1.0,0.9978947368421053,0.2181578947368421
605,140.4,10007855.263157897,0.0,0.0013157894736842,0.7723684210526316,1.0,0.9986842105263158,0.2276315789473684
606,140.45052631578946,10007950.0,0.0,0.0021052631578947,0.7739473684210526,1.0,0.9978947368421053,0.2260526315789474
607,140.50105263157894,10007981.578947367,0.0,0.0021052631578947,0.7771052631578947,1.0,0.9978947368421053,0.22289473684210526
608,140.6315789473684,10008084.210526315,0.0,0.0023684210526315,0.7847368421052632,1.0,0.9976315789473685,0.21526315789473682
609,140.60631578947368,10008110.52631579,0.0,0.0028947368421052,0.7821052631578947,1.0,0.9971052631578948,0.21789473684210525
610,140.38736842105263,10007973.684210526,0.0,0.0028947368421052,0.7684210526315789,1.0,0.9971052631578948,0.2315789473684211
611,140.53894736842105,10005436.842105264,0.0,0.0026315789473684,0.7805263157894737,1.0,0.9973684210526316,0.21947368421052627
612,140.56842105263158,10008065.789473685,0.0,0.0026315789473684,0.7802631578947369,1.0,0.9973684210526316,0.21973684210526312
613,140.53473684210527,10007897.368421054,0.0,0.0007894736842105,0.7818421052631579,1.0,0.9992105263157895,0.2181578947368421
614,140.58947368421053,10008036.842105264,0.0,0.0021052631578947,0.7826315789473685,1.0,0.9978947368421053,0.21736842105263154
615,140.74947368421053,10008200.0,0.0,0.0028947368421052,0.7910526315789473,1.0,0.9971052631578948,0.20894736842105266
616,140.37473684210525,10007965.789473685,0.0,0.0028947368421052,0.7676315789473684,1.0,0.9971052631578948,0.23236842105263156
617,140.49263157894737,10008060.52631579,0.0,0.0031578947368421,0.7744736842105263,1.0,0.9968421052631579,0.22552631578947369
618,140.4,10007918.421052633,0.0,0.0021052631578947,0.7707894736842106,1.0,0.9978947368421053,0.22921052631578942
619,140.37894736842105,10007884.210526315,0.0,0.0018421052631578,0.77,1.0,0.9981578947368422,0.22999999999999998
620,140.5978947368421,10008000.0,0.0,0.001578947368421,0.7842105263157895,1.0,0.998421052631579,0.21578947368421053
621,140.58526315789473,10008118.421052633,0.0,0.0031578947368421,0.7802631578947369,1.0,0.9968421052631579,0.21973684210526312
622,140.52631578947367,10008039.47368421,0.0,0.0026315789473684,0.7776315789473685,1.0,0.9973684210526316,0.22236842105263155
623,140.61052631578949,10008071.05263158,0.0,0.0023684210526315,0.7834210526315789,1.0,0.9976315789473685,0.2165789473684211
624,140.46736842105264,10008023.684210526,0.0,0.0028947368421052,0.7734210526315789,1.0,0.9971052631578948,0.2265789473684211
625,140.69473684210527,10008081.578947367,0.0,0.0018421052631578,0.7897368421052632,1.0,0.9981578947368422,0.21026315789473682
626,140.30736842105264,10007881.578947367,0.0,0.0023684210526315,0.7644736842105263,1.0,0.9976315789473685,0.2355263157894737
627,140.34526315789475,10007926.315789474,0.0,0.0026315789473684,0.7663157894736842,1.0,0.9973684210526316,0.23368421052631583
628,140.37894736842105,10007947.368421054,0.0,0.0026315789473684,0.7684210526315789,1.0,0.9973684210526316,0.2315789473684211
629,140.4378947368421,10007878.94736842,0.0,0.0013157894736842,0.7747368421052632,1.0,0.9986842105263158,0.22526315789473683
630,140.4715789473684,10008005.263157897,0.0,0.0026315789473684,0.7742105263157895,1.0,0.9973684210526316,0.22578947368421054
631,140.35368421052632,10007952.631578946,0.0,0.0028947368421052,0.7663157894736842,1.0,0.9971052631578948,0.23368421052631583
632,140.26526315789474,10007855.263157897,0.0,0.0023684210526315,0.7618421052631579,1.0,0.9976315789473685,0.23815789473684212
633,140.29052631578946,10007850.0,0.0,0.0021052631578947,0.7639473684210526,1.0,0.9978947368421053,0.2360526315789474
634,140.2863157894737,10007784.210526315,0.0,0.0013157894736842,0.7652631578947369,1.0,0.9986842105263158,0.23473684210526313
635,140.2821052631579,10007992.10526316,0.0,0.0039473684210526,0.7597368421052632,1.0,0.9960526315789474,0.24026315789473685
636,140.39157894736843,10007955.263157897,0.0,0.0026315789473684,0.7692105263157895,1.0,0.9973684210526316,0.23078947368421054
637,140.52631578947367,10008102.631578946,0.0,0.0034210526315789,0.7760526315789473,1.0,0.9965789473684211,0.22394736842105267
638,140.5557894736842,10008121.05263158,0.0,0.0034210526315789,0.7778947368421053,1.0,0.9965789473684211,0.2221052631578947
639,140.53052631578947,10007978.94736842,0.0,0.0018421052631578,0.7794736842105263,1.0,0.9981578947368422,0.22052631578947368
640,140.58526315789473,10008034.210526315,0.0,0.0021052631578947,0.7823684210526316,1.0,0.9978947368421053,0.2176315789473684
641,140.46736842105264,10008002.631578946,0.0,0.0026315789473684,0.7739473684210526,1.0,0.9973684210526316,0.2260526315789474
642,140.64,10008047.368421054,0.0,0.0018421052631578,0.7863157894736842,1.0,0.9981578947368422,0.2136842105263158
643,140.61894736842106,10008139.47368421,0.0,0.0031578947368421,0.7823684210526316,1.0,0.9968421052631579,0.2176315789473684
644,140.38736842105263,10007973.684210526,0.0,0.0028947368421052,0.7684210526315789,1.0,0.9971052631578948,0.2315789473684211
645,140.50105263157894,10007939.47368421,0.0,0.001578947368421,0.7781578947368422,1.0,0.998421052631579,0.22184210526315784
646,140.42526315789473,10007934.210526315,0.0,0.0021052631578947,0.7723684210526316,1.0,0.9978947368421053,0.2276315789473684
647,140.42947368421054,10008105.263157897,0.0,0.0042105263157894,0.7684210526315789,1.0,0.9957894736842106,0.2315789473684211
648,140.56842105263158,10008002.631578946,0.0,0.0018421052631578,0.7818421052631579,1.0,0.9981578947368422,0.2181578947368421
649,140.6484210526316,10008136.842105264,0.0,0.0028947368421052,0.7847368421052632,1.0,0.9971052631578948,0.21526315789473682
650,140.50947368421052,10008007.89473684,0.0,0.0023684210526315,0.7771052631578947,1.0,0.9976315789473685,0.22289473684210526
651,140.60631578947368,10008089.47368421,0.0,0.0026315789473684,0.7826315789473685,1.0,0.9973684210526316,0.21736842105263154
652,140.58105263157896,10008052.631578946,0.0,0.0023684210526315,0.781578947368421,1.0,0.9976315789473685,0.21842105263157896
653,140.7578947368421,10008226.315789474,0.0,0.0031578947368421,0.7910526315789473,1.0,0.9968421052631579,0.20894736842105266
654,140.7957894736842,10008481.578947367,0.0,0.0060526315789473,0.7876315789473685,1.0,0.9939473684210527,0.21236842105263154
655,140.56,10008018.421052633,0.0,0.0021052631578947,0.7807894736842105,1.0,0.9978947368421053,0.21921052631578952
656,140.45052631578946,10008034.210526315,0.0,0.0031578947368421,0.7718421052631579,1.0,0.9968421052631579,0.22815789473684212
657,140.53894736842105,10008068.421052633,0.0,0.0028947368421052,0.7778947368421053,1.0,0.9971052631578948,0.2221052631578947
658,140.42526315789473,10007934.210526315,0.0,0.0021052631578947,0.7723684210526316,1.0,0.9978947368421053,0.2276315789473684
659,140.46315789473684,10008084.210526315,0.0,0.0036842105263157,0.771578947368421,1.0,0.9963157894736843,0.22842105263157897
660,140.65263157894736,10008118.421052633,0.0,0.0026315789473684,0.7855263157894737,1.0,0.9973684210526316,0.21447368421052626
661,140.54315789473685,10008134.210526315,0.0,0.0036842105263157,0.776578947368421,1.0,0.9963157894736843,0.22342105263157896
662,140.58105263157896,10008136.842105264,0.0,0.0034210526315789,0.7794736842105263,1.0,0.9965789473684211,0.22052631578947368
663,140.4463157894737,10007842.10526316,0.0,0.0007894736842105,0.7763157894736842,1.0,0.9992105263157895,0.22368421052631582
664,140.54315789473685,10007923.684210526,0.0,0.0010526315789473,0.7818421052631579,1.0,0.9989473684210527,0.2181578947368421
665,140.45052631578946,10008076.315789474,0.0,0.0036842105263157,0.7707894736842106,1.0,0.9963157894736843,0.22921052631578942
666,140.24842105263158,10008013.157894736,0.0,0.0044736842105263,0.756578947368421,1.0,0.9955263157894737,0.24342105263157898
667,140.3242105263158,10007997.368421054,0.0,0.0036842105263157,0.7628947368421053,1.0,0.9963157894736843,0.2371052631578947
668,140.1094736842105,10007757.89473684,0.0,0.0023684210526315,0.7521052631578947,1.0,0.9976315789473685,0.24789473684210528
669,140.49684210526317,10008042.10526316,0.0,0.0028947368421052,0.7752631578947369,1.0,0.9971052631578948,0.22473684210526312
670,140.49684210526317,10008147.368421054,0.0,0.0042105263157894,0.7726315789473684,1.0,0.9957894736842106,0.22736842105263155
671,140.69052631578947,10008310.52631579,0.0,0.0047368421052631,0.7836842105263158,1.0,0.9952631578947368,0.21631578947368424
672,140.1221052631579,10007618.421052633,0.0,0.0005263157894736,0.756578947368421,1.0,0.9994736842105264,0.24342105263157898
673,140.2736842105263,10007818.421052633,0.0,0.0018421052631578,0.763421052631579,1.0,0.9981578947368422,0.236578947368421
674,140.4842105263158,10008097.368421054,0.0,0.0036842105263157,0.7728947368421053,1.0,0.9963157894736843,0.2271052631578947
675,140.27789473684211,10007842.10526316,0.0,0.0021052631578947,0.7631578947368421,1.0,0.9978947368421053,0.23684210526315785
676,140.30315789473684,10008005.263157897,0.0,0.0039473684210526,0.7610526315789473,1.0,0.9960526315789474,0.23894736842105269
677,140.21894736842106,10007868.421052633,0.0,0.0028947368421052,0.7578947368421053,1.0,0.9971052631578948,0.2421052631578947
678,140.4,10008065.789473685,0.0,0.0039473684210526,0.7671052631578947,1.0,0.9960526315789474,0.23289473684210527
679,140.46736842105264,10008065.789473685,0.0,0.0034210526315789,0.7723684210526316,1.0,0.9965789473684211,0.2276315789473684
680,140.39157894736843,10007913.157894736,0.0,0.0021052631578947,0.7702631578947369,1.0,0.9978947368421053,0.22973684210526313
681,140.58526315789473,10008118.421052633,0.0,0.0031578947368421,0.7802631578947369,1.0,0.9968421052631579,0.21973684210526312
682,140.2021052631579,10007900.0,0.0,0.0034210526315789,0.7557894736842106,1.0,0.9965789473684211,0.24421052631578943
683,140.36631578947367,10007981.578947367,0.0,0.0031578947368421,0.766578947368421,1.0,0.9968421052631579,0.23342105263157897
684,140.31157894736842,10007884.210526315,0.0,0.0023684210526315,0.7647368421052632,1.0,0.9976315789473685,0.23526315789473684
685,140.5178947368421,10007971.05263158,0.0,0.0018421052631578,0.7786842105263158,1.0,0.9981578947368422,0.22131578947368424
686,140.3621052631579,10007810.52631579,0.0,0.0010526315789473,0.7705263157894737,1.0,0.9989473684210527,0.22947368421052627
687,140.56,10008060.52631579,0.0,0.0026315789473684,0.7797368421052632,1.0,0.9973684210526316,0.22026315789473683
688,140.74947368421053,10008178.94736842,0.0,0.0026315789473684,0.791578947368421,1.0,0.9973684210526316,0.20842105263157895
689,140.15578947368422,10007828.94736842,0.0,0.0028947368421052,0.7539473684210526,1.0,0.9971052631578948,0.2460526315789474
690,139.94526315789474,10007571.05263158,0.0,0.0013157894736842,0.7439473684210526,1.0,0.9986842105263158,0.2560526315789474
691,139.93684210526317,10007692.10526316,0.0,0.0028947368421052,0.7402631578947368,1.0,0.9971052631578948,0.25973684210526315
692,140.3957894736842,10007957.89473684,0.0,0.0026315789473684,0.7694736842105263,1.0,0.9973684210526316,0.2305263157894737
693,140.01263157894738,10007676.315789474,0.0,0.0021052631578947,0.746578947368421,1.0,0.9978947368421053,0.253421052631579
694,140.38315789473685,10008097.368421054,0.0,0.0044736842105263,0.765,1.0,0.9955263157894737,0.235
695,140.18526315789472,10007721.05263158,0.0,0.0013157894736842,0.7589473684210526,1.0,0.9986842105263158,0.2410526315789474
696,140.02526315789473,10007684.210526315,0.0,0.0021052631578947,0.7473684210526316,1.0,0.9978947368421053,0.25263157894736843
697,140.24421052631578,10007926.315789474,0.0,0.0034210526315789,0.758421052631579,1.0,0.9965789473684211,0.241578947368421
698,139.82736842105265,10007623.684210526,0.0,0.0028947368421052,0.733421052631579,1.0,0.9971052631578948,0.266578947368421
699,140.01684210526315,10007678.94736842,0.0,0.0021052631578947,0.7468421052631579,1.0,0.9978947368421053,0.25315789473684214
700,140.32,10007784.210526315,0.0,0.0010526315789473,0.7678947368421053,1.0,0.9989473684210527,0.2321052631578947
701,139.89473684210526,10007602.631578946,0.0,0.0021052631578947,0.7392105263157894,1.0,0.9978947368421053,0.26078947368421057
702,139.86526315789473,10007626.315789474,0.0,0.0026315789473684,0.7363157894736843,1.0,0.9973684210526316,0.26368421052631574
703,140.05052631578948,10007700.0,0.0,0.0021052631578947,0.7489473684210526,1.0,0.9978947368421053,0.2510526315789474
704,139.9663157894737,10007647.368421054,0.0,0.0021052631578947,0.7436842105263158,1.0,0.9978947368421053,0.25631578947368416
705,139.9621052631579,10007686.842105264,0.0,0.0026315789473684,0.7423684210526316,1.0,0.9973684210526316,0.25763157894736843
706,140.1221052631579,10007744.736842103,0.0,0.0021052631578947,0.753421052631579,1.0,0.9978947368421053,0.246578947368421
707,140.06315789473683,10007750.0,0.0,0.0026315789473684,0.7486842105263158,1.0,0.9973684210526316,0.25131578947368416
708,140.15578947368422,10007934.210526315,0.0,0.0042105263157894,0.7513157894736842,1.0,0.9957894736842106,0.24868421052631584
709,140.02105263157895,10007786.842105264,0.0,0.0034210526315789,0.7444736842105263,1.0,0.9965789473684211,0.2555263157894737
710,139.75157894736842,10007597.368421054,0.0,0.0031578947368421,0.7281578947368421,1.0,0.9968421052631579,0.2718421052631579
711,140.0421052631579,10007778.94736842,0.0,0.0031578947368421,0.7463157894736843,1.0,0.9968421052631579,0.25368421052631573
712,139.72210526315789,10007473.684210526,0.0,0.0018421052631578,0.7289473684210527,1.0,0.9981578947368422,0.2710526315789473
713,139.9284210526316,10007707.89473684,0.0,0.0031578947368421,0.7392105263157894,1.0,0.9968421052631579,0.26078947368421057
714,139.9663157894737,10007731.578947367,0.0,0.0031578947368421,0.741578947368421,1.0,0.9968421052631579,0.258421052631579
715,140.30315789473684,10007857.89473684,0.0,0.0021052631578947,0.7647368421052632,1.0,0.9978947368421053,0.23526315789473684
716,140.37052631578948,10008026.315789474,0.0,0.0036842105263157,0.7657894736842106,1.0,0.9963157894736843,0.23421052631578942
717,139.97052631578947,10007713.157894736,0.0,0.0028947368421052,0.7423684210526316,1.0,0.9971052631578948,0.25763157894736843
718,140.2021052631579,10007900.0,0.0,0.0034210526315789,0.7557894736842106,1.0,0.9965789473684211,0.24421052631578943
719,140.13894736842104,10007713.157894736,0.0,0.001578947368421,0.7555263157894737,1.0,0.998421052631579,0.2444736842105263
720,140.23157894736843,10007771.05263158,0.0,0.001578947368421,0.7613157894736842,1.0,0.998421052631579,0.23868421052631583
721,140.20631578947368,10007881.578947367,0.0,0.0031578947368421,0.756578947368421,1.0,0.9968421052631579,0.24342105263157898
722,140.09684210526316,10007813.157894736,0.0,0.0031578947368421,0.7497368421052631,1.0,0.9968421052631579,0.25026315789473685
723,140.25263157894736,10007868.421052633,0.0,0.0026315789473684,0.7605263157894737,1.0,0.9973684210526316,0.23947368421052628
724,140.11368421052632,10007844.736842103,0.0,0.0034210526315789,0.7502631578947369,1.0,0.9965789473684211,0.24973684210526315
725,140.24,10007818.421052633,0.0,0.0021052631578947,0.7607894736842106,1.0,0.9978947368421053,0.23921052631578943
726,139.79368421052632,10007539.47368421,0.0,0.0021052631578947,0.7328947368421053,1.0,0.9978947368421053,0.26710526315789473
727,140.0715789473684,10007734.210526315,0.0,0.0023684210526315,0.7497368421052631,1.0,0.9976315789473685,0.25026315789473685
728,140.10105263157894,10007752.631578946,0.0,0.0023684210526315,0.751578947368421,1.0,0.9976315789473685,0.248421052631579
729,140.09263157894736,10007768.421052633,0.0,0.0026315789473684,0.7505263157894737,1.0,0.9973684210526316,0.2494736842105263
730,140.11368421052632,10007718.421052633,0.0,0.0018421052631578,0.753421052631579,1.0,0.9981578947368422,0.246578947368421
731,139.89894736842106,10007710.52631579,0.0,0.0034210526315789,0.7368421052631579,1.0,0.9965789473684211,0.26315789473684215
732,139.99157894736842,10007684.210526315,0.0,0.0023684210526315,0.7447368421052631,1.0,0.9976315789473685,0.25526315789473686
733,139.9284210526316,10007602.631578946,0.0,0.0018421052631578,0.7418421052631579,1.0,0.9981578947368422,0.25815789473684214
734,139.94105263157894,10007673.684210526,0.0,0.0026315789473684,0.7410526315789474,1.0,0.9973684210526316,0.2589473684210526
735,140.32,10007931.578947367,0.0,0.0028947368421052,0.7642105263157895,1.0,0.9971052631578948,0.23578947368421055
736,140.09263157894736,10007873.684210526,0.0,0.0039473684210526,0.7478947368421053,1.0,0.9960526315789474,0.2521052631578947
737,139.68842105263158,10007557.89473684,0.0,0.0031578947368421,0.7242105263157895,1.0,0.9968421052631579,0.2757894736842105
738,139.98315789473685,10007573.684210526,0.0,0.0010526315789473,0.7468421052631579,1.0,0.9989473684210527,0.25315789473684214
739,140.17263157894735,10007944.736842103,0.0,0.0042105263157894,0.7523684210526316,1.0,0.9957894736842106,0.24763157894736842
740,140.22736842105263,10007957.89473684,0.0,0.0039473684210526,0.7563157894736842,1.0,0.9960526315789474,0.24368421052631584
741,140.00842105263158,10007821.05263158,0.0,0.0039473684210526,0.7426315789473684,1.0,0.9960526315789474,0.2573684210526316
742,140.11789473684212,10007805.263157897,0.0,0.0028947368421052,0.751578947368421,1.0,0.9971052631578948,0.248421052631579
743,139.84842105263158,10007573.684210526,0.0,0.0021052631578947,0.7363157894736843,1.0,0.9978947368421053,0.26368421052631574
744,140.1642105263158,10007939.47368421,0.0,0.0042105263157894,0.7518421052631579,1.0,0.9957894736842106,0.24815789473684213
745,139.78526315789475,10007534.210526315,0.0,0.0021052631578947,0.7323684210526316,1.0,0.9978947368421053,0.26763157894736844
746,139.74736842105264,10004878.94736842,0.0,0.0018421052631578,0.7326315789473684,1.0,0.9981578947368422,0.2673684210526316
747,139.85684210526315,10007536.842105264,0.0,0.001578947368421,0.7378947368421053,1.0,0.998421052631579,0.26210526315789473
748,139.97052631578947,10007671.05263158,0.0,0.0023684210526315,0.743421052631579,1.0,0.9976315789473685,0.256578947368421
749,139.89894736842106,10007794.736842103,0.0,0.0044736842105263,0.7347368421052631,1.0,0.9955263157894737,0.26526315789473687
750,139.88210526315788,10007657.89473684,0.0,0.0028947368421052,0.7368421052631579,1.0,0.9971052631578948,0.26315789473684215
751,139.57052631578946,10007421.05263158,0.0,0.0023684210526315,0.718421052631579,1.0,0.9976315789473685,0.28157894736842104
752,139.9578947368421,10007705.263157897,0.0,0.0028947368421052,0.741578947368421,1.0,0.9971052631578948,0.258421052631579
753,139.78105263157894,10007594.736842103,0.0,0.0028947368421052,0.7305263157894737,1.0,0.9971052631578948,0.2694736842105263
754,139.61684210526315,10007534.210526315,0.0,0.0034210526315789,0.7192105263157895,1.0,0.9965789473684211,0.2807894736842105
755,139.79368421052632,10007771.05263158,0.0,0.005,0.7271052631578947,1.0,0.995,0.2728947368421053
756,139.83157894736843,10007668.421052633,0.0,0.0034210526315789,0.7326315789473684,1.0,0.9965789473684211,0.2673684210526316
757,140.0336842105263,10005100.0,0.0,0.0023684210526315,0.7494736842105263,1.0,0.9976315789473685,0.2505263157894737
758,139.93263157894737,10007710.52631579,0.0,0.0031578947368421,0.7394736842105263,1.0,0.9968421052631579,0.2605263157894737
759,139.93263157894737,10007647.368421054,0.0,0.0023684210526315,0.7410526315789474,1.0,0.9976315789473685,0.2589473684210526
760,139.9157894736842,10007531.578947367,0.0,0.0010526315789473,0.7426315789473684,1.0,0.9989473684210527,0.2573684210526316
761,139.66315789473686,10007436.842105264,0.0,0.0018421052631578,0.7252631578947368,1.0,0.9981578947368422,0.27473684210526317
762,139.92,10007639.47368421,0.0,0.0023684210526315,0.7402631578947368,1.0,0.9976315789473685,0.25973684210526315
763,139.98315789473685,10005068.421052633,0.0,0.0023684210526315,0.7463157894736843,1.0,0.9976315789473685,0.25368421052631573
764,140.00842105263158,10007778.94736842,0.0,0.0034210526315789,0.7436842105263158,1.0,0.9965789473684211,0.25631578947368416
765,140.1094736842105,10007652.631578946,0.0,0.0010526315789473,0.7547368421052632,1.0,0.9989473684210527,0.24526315789473685
766,140.24842105263158,10007928.94736842,0.0,0.0034210526315789,0.7586842105263157,1.0,0.9965789473684211,0.24131578947368426
767,140.24,10007881.578947367,0.0,0.0028947368421052,0.7592105263157894,1.0,0.9971052631578948,0.24078947368421055
768,140.0,10007752.631578946,0.0,0.0031578947368421,0.7436842105263158,1.0,0.9968421052631579,0.25631578947368416
769,139.81473684210528,10007489.47368421,0.0,0.0013157894736842,0.7357894736842105,1.0,0.9986842105263158,0.26421052631578945
770,140.04631578947368,10007760.52631579,0.0,0.0028947368421052,0.7471052631578947,1.0,0.9971052631578948,0.2528947368421053
771,139.86105263157896,10007750.0,0.0,0.0042105263157894,0.7328947368421053,1.0,0.9957894736842106,0.26710526315789473
772,140.2357894736842,10007942.10526316,0.0,0.0036842105263157,0.7573684210526316,1.0,0.9963157894736843,0.24263157894736842
773,139.9115789473684,10007634.210526315,0.0,0.0023684210526315,0.7397368421052631,1.0,0.9976315789473685,0.26026315789473686
774,139.75578947368422,10007536.842105264,0.0,0.0023684210526315,0.73,1.0,0.9976315789473685,0.27
775,140.10105263157894,10007647.368421054,0.0,0.0010526315789473,0.7542105263157894,1.0,0.9989473684210527,0.24578947368421056
776,140.05473684210526,10005176.315789474,0.0,0.0031578947368421,0.7492105263157894,1.0,0.9968421052631579,0.25078947368421056
777,139.98736842105262,10007744.736842103,0.0,0.0031578947368421,0.7428947368421053,1.0,0.9968421052631579,0.2571052631578947
778,140.0,10007689.47368421,0.0,0.0023684210526315,0.7452631578947368,1.0,0.9976315789473685,0.25473684210526315
779,140.13473684210527,10007900.0,0.0,0.0039473684210526,0.7505263157894737,1.0,0.9960526315789474,0.2494736842105263
780,139.84842105263158,10007678.94736842,0.0,0.0034210526315789,0.7336842105263158,1.0,0.9965789473684211,0.2663157894736842
781,140.10526315789474,10007734.210526315,0.0,0.0021052631578947,0.7523684210526316,1.0,0.9978947368421053,0.24763157894736842
782,139.81052631578947,10005023.684210526,0.0,0.0031578947368421,0.7339473684210527,1.0,0.9968421052631579,0.2660526315789473
783,140.0757894736842,10007757.89473684,0.0,0.0026315789473684,0.7494736842105263,1.0,0.9973684210526316,0.2505263157894737
784,139.74315789473684,10007444.736842103,0.0,0.0013157894736842,0.7313157894736843,1.0,0.9986842105263158,0.26868421052631575
785,139.94526315789474,10007697.368421054,0.0,0.0028947368421052,0.7407894736842106,1.0,0.9971052631578948,0.25921052631578945
786,140.0842105263158,10005194.736842103,0.0,0.0031578947368421,0.7510526315789474,1.0,0.9968421052631579,0.24894736842105258
787,140.0378947368421,10007713.157894736,0.0,0.0023684210526315,0.7476315789473684,1.0,0.9976315789473685,0.2523684210526316
788,139.9115789473684,10007718.421052633,0.0,0.0034210526315789,0.7376315789473684,1.0,0.9965789473684211,0.2623684210526316
789,139.84421052631578,10007571.05263158,0.0,0.0021052631578947,0.7360526315789474,1.0,0.9978947368421053,0.2639473684210526
790,140.20631578947368,10007860.52631579,0.0,0.0028947368421052,0.7571052631578947,1.0,0.9971052631578948,0.24289473684210527
791,140.05052631578948,10007868.421052633,0.0,0.0042105263157894,0.7447368421052631,1.0,0.9957894736842106,0.25526315789473686
792,140.01263157894738,10007613.157894736,0.0,0.0013157894736842,0.7481578947368421,1.0,0.9986842105263158,0.25184210526315787
793,139.8736842105263,10007610.52631579,0.0,0.0023684210526315,0.7373684210526316,1.0,0.9976315789473685,0.26263157894736844
794,139.89473684210526,10007602.631578946,0.0,0.0021052631578947,0.7392105263157894,1.0,0.9978947368421053,0.26078947368421057
795,140.08,10007718.421052633,0.0,0.0021052631578947,0.7507894736842106,1.0,0.9978947368421053,0.24921052631578944
796,140.02105263157895,10007723.684210526,0.0,0.0026315789473684,0.7460526315789474,1.0,0.9973684210526316,0.2539473684210526
797,139.98315789473685,10007805.263157897,0.0,0.0039473684210526,0.7410526315789474,1.0,0.9960526315789474,0.2589473684210526
798,140.13052631578947,10007771.05263158,0.0,0.0023684210526315,0.753421052631579,1.0,0.9976315789473685,0.246578947368421
799,139.9284210526316,10007686.842105264,0.0,0.0028947368421052,0.7397368421052631,1.0,0.9971052631578948,0.26026315789473686
800,140.32842105263157,10007936.842105264,0.0,0.0028947368421052,0.7647368421052632,1.0,0.9971052631578948,0.23526315789473684
801,139.95368421052632,10005028.94736842,0.0,0.0021052631578947,0.745,1.0,0.9978947368421053,0.255
802,140.0715789473684,10007797.368421054,0.0,0.0031578947368421,0.7481578947368421,1.0,0.9968421052631579,0.25184210526315787
803,140.1221052631579,10007786.842105264,0.0,0.0026315789473684,0.7523684210526316,1.0,0.9973684210526316,0.24763157894736842
804,140.32842105263157,10008000.0,0.0,0.0036842105263157,0.7631578947368421,1.0,0.9963157894736843,0.23684210526315785
805,140.19368421052633,10007789.47368421,0.0,0.0021052631578947,0.7578947368421053,1.0,0.9978947368421053,0.2421052631578947
806,140.1642105263158,10007876.315789474,0.0,0.0034210526315789,0.753421052631579,1.0,0.9965789473684211,0.246578947368421
807,140.13052631578947,10007834.210526315,0.0,0.0031578947368421,0.7518421052631579,1.0,0.9968421052631579,0.24815789473684213
808,140.17263157894735,10007755.263157897,0.0,0.0018421052631578,0.7571052631578947,1.0,0.9981578947368422,0.24289473684210527
809,140.13473684210527,10007794.736842103,0.0,0.0026315789473684,0.7531578947368421,1.0,0.9973684210526316,0.24684210526315786
810,140.34947368421052,10007823.684210526,0.0,0.0013157894736842,0.7692105263157895,1.0,0.9986842105263158,0.23078947368421054
811,140.25684210526316,10007913.157894736,0.0,0.0031578947368421,0.7597368421052632,1.0,0.9968421052631579,0.24026315789473685
812,140.3957894736842,10008021.05263158,0.0,0.0034210526315789,0.7678947368421053,1.0,0.9965789473684211,0.2321052631578947
813,140.38736842105263,10008036.842105264,0.0,0.0036842105263157,0.7668421052631579,1.0,0.9963157894736843,0.23315789473684212
814,140.17263157894735,10007671.05263158,0.0,0.0007894736842105,0.7592105263157894,1.0,0.9992105263157895,0.24078947368421055
815,140.2736842105263,10007881.578947367,0.0,0.0026315789473684,0.7618421052631579,1.0,0.9973684210526316,0.23815789473684212
816,140.24842105263158,10007928.94736842,0.0,0.0034210526315789,0.7586842105263157,1.0,0.9965789473684211,0.24131578947368426
817,140.15578947368422,10007786.842105264,0.0,0.0023684210526315,0.755,1.0,0.9976315789473685,0.245
818,140.10105263157894,10007710.52631579,0.0,0.0018421052631578,0.7526315789473684,1.0,0.9981578947368422,0.24736842105263157
819,140.11368421052632,10007760.52631579,0.0,0.0023684210526315,0.7523684210526316,1.0,0.9976315789473685,0.24763157894736842
820,140.08,10007781.578947367,0.0,0.0028947368421052,0.7492105263157894,1.0,0.9971052631578948,0.25078947368421056
821,140.3242105263158,10007828.94736842,0.0,0.001578947368421,0.7671052631578947,1.0,0.998421052631579,0.23289473684210527
822,140.19368421052633,10007810.52631579,0.0,0.0023684210526315,0.7573684210526316,1.0,0.9976315789473685,0.24263157894736842
823,140.31157894736842,10007863.157894736,0.0,0.0021052631578947,0.7652631578947369,1.0,0.9978947368421053,0.23473684210526313
824,140.41684210526316,10007992.10526316,0.0,0.0028947368421052,0.7702631578947369,1.0,0.9971052631578948,0.22973684210526313
825,140.15157894736842,10007910.52631579,0.0,0.0039473684210526,0.751578947368421,1.0,0.9960526315789474,0.248421052631579
826,140.20631578947368,10007881.578947367,0.0,0.0031578947368421,0.756578947368421,1.0,0.9968421052631579,0.24342105263157898
827,140.34526315789475,10007968.421052633,0.0,0.0031578947368421,0.7652631578947369,1.0,0.9968421052631579,0.23473684210526313
828,140.29894736842104,10005392.10526316,0.0,0.0039473684210526,0.7628947368421053,1.0,0.9960526315789474,0.2371052631578947
829,140.25684210526316,10005218.421052633,0.0,0.0021052631578947,0.7639473684210526,1.0,0.9978947368421053,0.2360526315789474
830,140.24421052631578,10007884.210526315,0.0,0.0028947368421052,0.7594736842105263,1.0,0.9971052631578948,0.2405263157894737
831,140.26947368421054,10008005.263157897,0.0,0.0042105263157894,0.758421052631579,1.0,0.9957894736842106,0.241578947368421
832,140.24,10007839.47368421,0.0,0.0023684210526315,0.7602631578947369,1.0,0.9976315789473685,0.23973684210526314
833,140.46315789473684,10008126.315789474,0.0,0.0042105263157894,0.7705263157894737,1.0,0.9957894736842106,0.22947368421052627
834,140.10105263157894,10007857.89473684,0.0,0.0036842105263157,0.7489473684210526,1.0,0.9963157894736843,0.2510526315789474
835,139.95368421052632,10007576.315789474,0.0,0.0013157894736842,0.7444736842105263,1.0,0.9986842105263158,0.2555263157894737
836,139.81894736842105,10007639.47368421,0.0,0.0031578947368421,0.7323684210526316,1.0,0.9968421052631579,0.26763157894736844
837,140.13894736842104,10007860.52631579,0.0,0.0034210526315789,0.7518421052631579,1.0,0.9965789473684211,0.24815789473684213
838,140.2736842105263,10007797.368421054,0.0,0.001578947368421,0.7639473684210526,1.0,0.998421052631579,0.2360526315789474
839,140.33263157894737,10007981.578947367,0.0,0.0034210526315789,0.7639473684210526,1.0,0.9965789473684211,0.2360526315789474
840,140.06736842105263,10007731.578947367,0.0,0.0023684210526315,0.7494736842105263,1.0,0.9976315789473685,0.2505263157894737
841,139.98315789473685,10007721.05263158,0.0,0.0028947368421052,0.7431578947368421,1.0,0.9971052631578948,0.25684210526315787
842,139.94105263157894,10007673.684210526,0.0,0.0026315789473684,0.7410526315789474,1.0,0.9973684210526316,0.2589473684210526
843,139.9957894736842,10007728.94736842,0.0,0.0028947368421052,0.7439473684210526,1.0,0.9971052631578948,0.2560526315789474
844,139.7389473684211,10007505.263157897,0.0,0.0021052631578947,0.7294736842105263,1.0,0.9978947368421053,0.2705263157894737
845,139.78105263157894,10007531.578947367,0.0,0.0021052631578947,0.7321052631578947,1.0,0.9978947368421053,0.2678947368421053
846,139.57052631578946,10007294.736842103,0.0,0.0007894736842105,0.7215789473684211,1.0,0.9992105263157895,0.2784210526315789
847,139.33894736842106,10007213.157894736,0.0,0.001578947368421,0.7055263157894737,1.0,0.998421052631579,0.29447368421052633
848,139.43578947368422,10007315.789473685,0.0,0.0021052631578947,0.7105263157894737,1.0,0.9978947368421053,0.2894736842105263
849,139.14105263157896,10007173.684210526,0.0,0.0026315789473684,0.6910526315789474,1.0,0.9973684210526316,0.30894736842105264
850,139.0063157894737,10007047.368421054,0.0,0.0021052631578947,0.6836842105263158,1.0,0.9978947368421053,0.3163157894736842
851,139.03578947368422,10007150.0,0.0,0.0031578947368421,0.6834210526315789,1.0,0.9968421052631579,0.31657894736842107
852,138.8421052631579,10006902.631578946,0.0,0.001578947368421,0.6744736842105263,1.0,0.998421052631579,0.32552631578947366
853,138.61052631578949,10006884.210526315,0.0,0.0031578947368421,0.6568421052631579,1.0,0.9968421052631579,0.3431578947368421
854,138.0042105263158,10006505.263157897,0.0,0.0031578947368421,0.6189473684210526,1.0,0.9968421052631579,0.3810526315789474
855,137.89473684210526,10006436.842105264,0.0,0.0031578947368421,0.6121052631578947,1.0,0.9968421052631579,0.3878947368421053
856,137.84,10006297.368421054,0.0,0.0018421052631578,0.6113157894736843,1.0,0.9981578947368422,0.38868421052631574
857,137.49052631578948,10006078.94736842,0.0,0.0018421052631578,0.5894736842105263,1.0,0.9981578947368422,0.41052631578947374
858,137.17894736842106,10005905.263157897,0.0,0.0021052631578947,0.5694736842105264,1.0,0.9978947368421053,0.43052631578947365
859,137.11157894736843,10005905.263157897,0.0,0.0026315789473684,0.5642105263157895,1.0,0.9973684210526316,0.4357894736842105
860,136.40842105263158,10005297.368421054,0.0,0.0005263157894736,0.5244736842105263,1.0,0.9994736842105264,0.4755263157894737
861,136.1642105263158,10005228.94736842,0.0,0.001578947368421,0.5071052631578947,1.0,0.998421052631579,0.4928947368421053
862,136.1221052631579,10005265.789473685,0.0,0.0023684210526315,0.5028947368421053,1.0,0.9976315789473685,0.4971052631578947
863,135.22526315789474,10004621.05263158,0.0,0.0013157894736842,0.4489473684210526,1.0,0.9986842105263158,0.5510526315789475
864,134.9557894736842,10004410.52631579,0.0,0.0007894736842105,0.4331578947368421,1.0,0.9992105263157895,0.5668421052631579
865,134.42526315789473,10004100.0,0.0,0.0010526315789473,0.3994736842105263,1.0,0.9989473684210527,0.6005263157894737
866,134.20631578947368,10004005.263157897,0.0,0.001578947368421,0.3847368421052631,1.0,0.998421052631579,0.615263157894737
867,134.17263157894735,10003878.94736842,0.0,0.0002631578947368,0.3852631578947368,1.0,0.9997368421052631,0.6147368421052632
868,133.50315789473683,10003544.736842103,0.0,0.0013157894736842,0.3413157894736842,1.0,0.9986842105263158,0.6586842105263158
869,133.17473684210526,10003297.368421054,0.0,0.0007894736842105,0.3218421052631579,1.0,0.9992105263157895,0.6781578947368421
870,132.6863157894737,10002992.10526316,0.0,0.0007894736842105,0.2913157894736842,1.0,0.9992105263157895,0.7086842105263158
871,132.4336842105263,10002876.315789474,0.0,0.0013157894736842,0.2744736842105263,1.0,0.9986842105263158,0.7255263157894737
872,132.02947368421053,10002707.89473684,0.0,0.0023684210526315,0.2471052631578947,1.0,0.9976315789473685,0.7528947368421053
873,131.73052631578946,10002500.0,0.0,0.0021052631578947,0.2289473684210526,1.0,0.9978947368421053,0.7710526315789474
874,131.38947368421051,10002181.578947367,0.0,0.0007894736842105,0.2102631578947368,1.0,0.9992105263157895,0.7897368421052632
875,130.9978947368421,10001936.842105264,0.0,0.0007894736842105,0.1857894736842105,1.0,0.9992105263157895,0.8142105263157895
876,130.6863157894737,10001721.05263158,0.0,0.0005263157894736,0.1668421052631579,1.0,0.9994736842105264,0.8331578947368421
877,130.50105263157894,10001584.210526315,0.0,0.0002631578947368,0.1557894736842105,1.0,0.9997368421052631,0.8442105263157895
878,130.1642105263158,10001373.684210526,0.0,0.0002631578947368,0.1347368421052631,1.0,0.9997368421052631,0.865263157894737
879,130.02947368421053,10001310.52631579,0.0,0.0005263157894736,0.1257894736842105,1.0,0.9994736842105264,0.8742105263157895
880,129.49473684210523,10000934.210526315,0.0,0.0,0.0934210526315789,1.0,1.0,0.9065789473684212
881,129.34736842105264,10000842.10526316,0.0,0.0,0.0842105263157894,1.0,1.0,0.9157894736842106
882,129.2042105263158,10000773.684210526,0.0,0.0002631578947368,0.0747368421052631,1.0,0.9997368421052631,0.9252631578947369
883,129.1536842105263,10000742.10526316,0.0,0.0002631578947368,0.071578947368421,1.0,0.9997368421052631,0.928421052631579
884,132.6357894736842,10003002.631578946,0.0,0.0013157894736842,0.2871052631578947,1.0,0.9986842105263158,0.7128947368421052
885,132.33263157894737,10002792.10526316,0.0,0.0010526315789473,0.2686842105263158,1.0,0.9989473684210527,0.7313157894736841
886,131.85684210526315,10002494.736842103,0.0,0.0010526315789473,0.2389473684210526,1.0,0.9989473684210527,0.7610526315789474
887,131.5621052631579,10002289.47368421,0.0,0.0007894736842105,0.2210526315789473,1.0,0.9992105263157895,0.7789473684210527
888,131.3557894736842,10002118.421052633,0.0,0.0002631578947368,0.2092105263157894,1.0,0.9997368421052631,0.7907894736842106
889,131.04842105263157,10001947.368421054,0.0,0.0005263157894736,0.1894736842105263,1.0,0.9994736842105264,0.8105263157894738
890,130.6484210526316,10001739.47368421,0.0,0.0010526315789473,0.1634210526315789,1.0,0.9989473684210527,0.8365789473684211
891,130.32842105263157,10001497.368421054,0.0,0.0005263157894736,0.1444736842105263,1.0,0.9994736842105264,0.8555263157894737
892,130.18526315789472,10001365.789473685,0.0,0.0,0.136578947368421,1.0,1.0,0.863421052631579
893,130.0187484165189,10001281.986318722,0.0,0.0002533569799847,0.1256650620724601,1.0,0.9997466430200153,0.8743349379275399
894,129.636,10001102.5,0.0,0.001,0.10025,1.0,0.999,0.89975
895,129.589,10001001.925,0.0,0.00025,0.0975,1.0,0.99975,0.9025
896,129.4,10000875.0,0.0,0.0,0.0875,1.0,1.0,0.9125
897,129.184,9998313.6,0.0,0.00075,0.07375,1.0,0.99925,0.92625
898,129.036,10000707.5,0.0,0.00075,0.06325,1.0,0.99925,0.93675
899,128.896,10000580.0,0.0,0.00025,0.0555,1.0,0.99975,0.9445
900,128.74,10000462.5,0.0,0.0,0.04625,1.0,1.0,0.95375
901,128.58,10000362.5,0.0,0.0,0.03625,1.0,1.0,0.96375
902,128.496,10000330.0,0.0,0.00025,0.0305,1.0,0.99975,0.9695
903,128.44,10000275.0,0.0,0.0,0.0275,1.0,1.0,0.9725
904,128.444,10000297.5,0.0,0.00025,0.02725,1.0,0.99975,0.97275
905,128.376,10000255.0,0.0,0.00025,0.023,1.0,0.99975,0.977
906,128.316,10000217.5,0.0,0.00025,0.01925,1.0,0.99975,0.98075
907,128.176,10000110.0,0.0,0.0,0.011,1.0,1.0,0.989
908,128.168,10000105.0,0.0,0.0,0.0105,1.0,1.0,0.9895
909,128.176,10000110.0,0.0,0.0,0.011,1.0,1.0,0.989
910,128.184,10000115.0,0.0,0.0,0.0115,1.0,1.0,0.9885
911,128.112,10000070.0,0.0,0.0,0.007,1.0,1.0,0.993
912,128.112,10000070.0,0.0,0.0,0.007,1.0,1.0,0.993
913,128.108,10000067.5,0.0,0.0,0.00675,1.0,1.0,0.99325
914,128.06,10000037.5,0.0,0.0,0.00375,1.0,1.0,0.99625
915,128.036,10000022.5,0.0,0.0,0.00225,1.0,1.0,0.99775
916,128.04,10000025.0,0.0,0.0,0.0025,1.0,1.0,0.9975
917,128.036,10000022.5,0.0,0.0,0.00225,1.0,1.0,0.99775
918,128.016,10000010.0,0.0,0.0,0.001,1.0,1.0,0.999
919,128.016,10000010.0,0.0,0.0,0.001,1.0,1.0,0.999
920,128.032,10000020.0,0.0,0.0,0.002,1.0,1.0,0.998
921,128.012,10000007.5,0.0,0.0,0.00075,1.0,1.0,0.99925
922,128.016,10000010.0,0.0,0.0,0.001,1.0,1.0,0.999
923,128.004,10000002.5,0.0,0.0,0.00025,1.0,1.0,0.99975
924,128.004,10000002.5,0.0,0.0,0.00025,1.0,1.0,0.99975
925,128.012,10000007.5,0.0,0.0,0.00075,1.0,1.0,0.99925
926,128.004,10000002.5,0.0,0.0,0.00025,1.0,1.0,0.99975
927,128.0,10000000.0,0.0,0.0,0.0,1.0,1.0,1.0
928,128.0,10000000.0,0.0,0.0,0.0,1.0,1.0,1.0
929,128.004,10000002.5,0.0,0.0,0.00025,1.0,1.0,0.99975
930,128.0,10000000.0,0.0,0.0,0.0,1.0,1.0,1.0
931,128.0,10000000.0,0.0,0.0,0.0,1.0,1.0,1.0
932,128.0,10000000.0,0.0,0.0,0.0,1.0,1.0,1.0
933,128.0,10000000.0,0.0,0.0,0.0,1.0,1.0,1.0
934,128.0,10000000.0,0.0,0.0,0.0,1.0,1.0,1.0
935,128.0,10000000.0,0.0,0.0,0.0,1.0,1.0,1.0
936,128.0,10000000.0,0.0,0.0,0.0,1.0,1.0,1.0
937,128.0,10000000.0,0.0,0.0,0.0,1.0,1.0,1.0
938,128.0,10000000.0,0.0,0.0,0.0,1.0,1.0,1.0
939,128.0,10000000.0,0.0,0.0,0.0,1.0,1.0,1.0
940,128.0,10000000.0,0.0,0.0,0.0,1.0,1.0,1.0
941,128.0,10000000.0,0.0,0.0,0.0,1.0,1.0,1.0
942,128.0,10000000.0,0.0,0.0,0.0,1.0,1.0,1.0
943,128.0,10000000.0,0.0,0.0,0.0,1.0,1.0,1.0
944,128.0,10000000.0,0.0,0.0,0.0,1.0,1.0,1.0
945,128.0,10000000.0,0.0,0.0,0.0,1.0,1.0,1.0
946,128.0,10000000.0,0.0,0.0,0.0,1.0,1.0,1.0
947,128.0,10000000.0,0.0,0.0,0.0,1.0,1.0,1.0
948,128.0,10000000.0,0.0,0.0,0.0,1.0,1.0,1.0
949,128.0,10000000.0,0.0,0.0,0.0,1.0,1.0,1.0
950,128.0,10000000.0,0.0,0.0,0.0,1.0,1.0,1.0
951,128.0,10000000.0,0.0,0.0,0.0,1.0,1.0,1.0
952,128.0,10000000.0,0.0,0.0,0.0,1.0,1.0,1.0
953,128.0,10000000.0,0.0,0.0,0.0,1.0,1.0,1.0
954,128.0,10000000.0,0.0,0.0,0.0,1.0,1.0,1.0
955,128.0,10000000.0,0.0,0.0,0.0,1.0,1.0,1.0
956,128.0,10000000.0,0.0,0.0,0.0,1.0,1.0,1.0
957,128.0,10000000.0,0.0,0.0,0.0,1.0,1.0,1.0
958,128.0,10000000.0,0.0,0.0,0.0,1.0,1.0,1.0
959,128.0,10000000.0,0.0,0.0,0.0,1.0,1.0,1.0
960,128.0,10000000.0,0.0,0.0,0.0,1.0,1.0,1.0
961,128.0,10000000.0,0.0,0.0,0.0,1.0,1.0,1.0
962,128.0,10000000.0,0.0,0.0,0.0,1.0,1.0,1.0
963,128.0,10000000.0,0.0,0.0,0.0,1.0,1.0,1.0
964,128.0,10000000.0,0.0,0.0,0.0,1.0,1.0,1.0
965,128.0,10000000.0,0.0,0.0,0.0,1.0,1.0,1.0
966,128.0,10000000.0,0.0,0.0,0.0,1.0,1.0,1.0
967,127.968,9997500.0,0.0,0.0,0.0,1.0,1.0,1.0
968,127.968,9997500.0,0.0,0.0,0.0,1.0,1.0,1.0
969,127.968,9997500.0,0.0,0.0,0.0,1.0,1.0,1.0
970,128.0,10000000.0,0.0,0.0,0.0,1.0,1.0,1.0
971,127.968,9997500.0,0.0,0.0,0.0,1.0,1.0,1.0
972,128.0,10000000.0,0.0,0.0,0.0,1.0,1.0,1.0
973,127.968,9997500.0,0.0,0.0,0.0,1.0,1.0,1.0
974,127.936,9995000.0,0.0,0.0,0.0,1.0,1.0,1.0
975,128.0,10000000.0,0.0,0.0,0.0,1.0,1.0,1.0
976,128.0,10000000.0,0.0,0.0,0.0,1.0,1.0,1.0
977,128.0,10000000.0,0.0,0.0,0.0,1.0,1.0,1.0
978,128.0,10000000.0,0.0,0.0,0.0,1.0,1.0,1.0
979,128.0,10000000.0,0.0,0.0,0.0,1.0,1.0,1.0
980,128.0,10000000.0,0.0,0.0,0.0,1.0,1.0,1.0
981,128.0,10000000.0,0.0,0.0,0.0,1.0,1.0,1.0
982,128.0,10000000.0,0.0,0.0,0.0,1.0,1.0,1.0
983,128.0,10000000.0,0.0,0.0,0.0,1.0,1.0,1.0
984,128.0,10000000.0,0.0,0.0,0.0,1.0,1.0,1.0
985,128.0,10000000.0,0.0,0.0,0.0,1.0,1.0,1.0
986,128.0,10000000.0,0.0,0.0,0.0,1.0,1.0,1.0
987,128.0,10000000.0,0.0,0.0,0.0,1.0,1.0,1.0
988,128.0,10000000.0,0.0,0.0,0.0,1.0,1.0,1.0
989,128.0,10000000.0,0.0,0.0,0.0,1.0,1.0,1.0
990,128.0,10000000.0,0.0,0.0,0.0,1.0,1.0,1.0
991,127.968,9997500.0,0.0,0.0,0.0,1.0,1.0,1.0
992,128.0,10000000.0,0.0,0.0,0.0,1.0,1.0,1.0
993,128.0,10000000.0,0.0,0.0,0.0,1.0,1.0,1.0
994,128.0,10000000.0,0.0,0.0,0.0,1.0,1.0,1.0
995,128.0,10000000.0,0.0,0.0,0.0,1.0,1.0,1.0
996,128.0,10000000.0,0.0,0.0,0.0,1.0,1.0,1.0
997,128.0,10000000.0,0.0,0.0,0.0,1.0,1.0,1.0
998,128.0,10000000.0,0.0,0.0,0.0,1.0,1.0,1.0
999,128.0,10000000.0,0.0,0.0,0.0,1.0,1.0,1.0
1000,128.0,10000000.0,0.0,0.0,0.0,1.0,1.0,1.0
